,Name,Date,Year
0,Taylor Broadway,2023-10-18,2023.0
1,Felix Bautista,2023-10-09,2023.0
2,Sandy Alcantara,2023-10-06,2023.0
3,Angel Perdomo,2023-10-06,2023.0
2393,Jeff McNeil,2023-10-01,2023.0
5,Jasson Dominguez,2023-09-20,2023.0
4,Riley Greene,2023-09-20,2023.0
2441,Shohei Ohtani,2023-09-19,2023.0
6,Cole Waites,2023-09-13,2023.0
7,Drey Jameson,2023-09-01,2023.0
8,Noah Denoyer,2023-09-01,2023.0
10,Jake Bennett,2023-09-01,2023.0
9,Tony Gonsolin,2023-09-01,2023.0
11,Shane McClanahan,2023-08-21,2023.0
12,Geo Rivera,2023-08-09,2023.0
13,Liam Hendriks,2023-08-02,2023.0
2442,Brendan Donovan,2023-08-02,2023.0
14,Adauri Vicente,2023-08-01,2023.0
16,John Valle,2023-08-01,2023.0
17,Indigo Diaz,2023-08-01,2023.0
18,Garrett Hawkins,2023-08-01,2023.0
19,D.J. Carpenter,2023-08-01,2023.0
15,Angel De Jesus,2023-08-01,2023.0
23,Antonio Senzatela,2023-07-26,2023.0
22,Gabriel Hughes,2023-07-26,2023.0
21,Jordy Vargas,2023-07-26,2023.0
20,Jackson Cox,2023-07-26,2023.0
24,Andrew Painter,2023-07-25,2023.0
2443,Drew Rasmussen,2023-07-24,2023.0
25,Jose De Leon,2023-07-19,2023.0
26,Dustin May,2023-07-18,2023.0
2444,Connor Prielipp,2023-07-17,2023.0
27,Reiver Sanmartin,2023-07-07,2023.0
28,Zach Pettway,2023-07-06,2023.0
29,Wyatt Mills,2023-07-05,2023.0
30,Matthew Boyd,2023-06-28,2023.0
31,Andrew Misiaszek,2023-06-14,2023.0
32,Jacob deGrom,2023-06-12,2023.0
2445,Vince Velasquez,2023-06-09,2023.0
33,Freddy Pacheco,2023-06-05,2023.0
37,Ryan Brown,2023-06-01,2023.0
36,Trevor Rosenthal,2023-06-01,2023.0
35,Dylan DeLucia,2023-06-01,2023.0
34,Boris Vecerka,2023-06-01,2023.0
2394,Ryan Weber,2023-06-01,2023.0
2446,Dax Fulton,2023-06-01,2023.0
38,JR Ritchie,2023-05-24,2023.0
39,Connor Overton,2023-05-23,2023.0
40,Tyler Mahle,2023-05-22,2023.0
41,Kumar Rocker,2023-05-22,2023.0
42,Luis Garcia,2023-05-19,2023.0
46,Austin Warren,2023-05-17,2023.0
43,Davis Martin,2023-05-17,2023.0
44,Jacob Zibin,2023-05-17,2023.0
45,Jose Quijada,2023-05-17,2023.0
47,German Marquez,2023-05-12,2023.0
48,Lou Trivino,2023-05-03,2023.0
49,Robbie Ray,2023-05-03,2023.0
51,Easton McGee,2023-05-01,2023.0
50,Grayson Hitt,2023-05-01,2023.0
52,Jeffrey Springs,2023-05-01,2023.0
53,Kris Bubic,2023-04-28,2023.0
54,Mike Burrows,2023-04-26,2023.0
55,Garrett Edwards,2023-04-26,2023.0
56,Wyatt Crowell,2023-04-13,2023.0
57,Ian Anderson,2023-04-12,2023.0
58,JT Brubaker,2023-04-12,2023.0
59,Nick Mikolajchak,2023-04-05,2023.0
61,Matt Foster,2023-04-01,2023.0
60,Ben Leeper,2023-04-01,2023.0
62,Christian Worley,2023-04-01,2023.0
63,Bryce Montes de Oca,2023-03-29,2022.0
64,Cade Cavalli,2023-03-22,2022.0
65,Lucas Gilbreath,2023-03-14,2022.0
66,Blake Burkhalter,2023-03-10,2022.0
67,Cody Sedlock,2023-03-08,2022.0
68,Nazier Mule,2023-03-01,2022.0
71,Seth Shuman,2023-03-01,2022.0
70,Jason Woodward,2023-03-01,2022.0
69,Quincy Nieporte,2023-03-01,2022.0
72,Jaxon Wiggins,2023-02-22,2022.0
74,Josh Hejka,2023-02-01,2022.0
73,Grant Taylor,2023-02-01,2022.0
2447,Trevor Story,2023-01-09,2022.0
2448,Eduardo Valencia,2023-01-01,2022.0
82,Justin Chambers,2023-01-01,2022.0
75,Aaron Haase,2023-01-01,2022.0
76,Kervin Castro,2023-01-01,2022.0
77,Miguel Del Pozo,2023-01-01,2022.0
78,Nate Webb,2023-01-01,2022.0
79,Coleman Crow,2023-01-01,2022.0
80,Sandro Bargallo,2023-01-01,2022.0
81,Dameivi Tineo,2023-01-01,2022.0
83,Joel Diaz,2023-01-01,2022.0
84,Matt Allan,2023-01-01,2022.0
85,Bryce Harper,2022-11-23,2022.0
2449,Aaron Zavala,2022-11-01,2022.0
86,Tyler Matzek,2022-10-12,2022.0
87,Scott Effross,2022-10-01,2022.0
88,Shane Baz,2022-09-28,2022.0
90,Brendan McKay,2022-09-14,2022.0
89,Anthony Gose,2022-09-14,2022.0
91,Daulton Jefferies,2022-09-09,2022.0
92,Huascar Ynoa,2022-09-07,2022.0
93,Jose Alvarez,2022-08-31,2022.0
94,Anthony Bender,2022-08-30,2022.0
95,Walker Buehler,2022-08-23,2022.0
96,Cody Poteet,2022-08-17,2022.0
97,Max Meyer,2022-08-09,2022.0
98,Humberto Castellanos,2022-08-08,2022.0
99,Connor Jones,2022-08-04,2022.0
100,Zach Peek,2022-08-03,2022.0
101,Luke Barker,2022-08-03,2022.0
102,Seth Johnson,2022-08-03,2022.0
103,Tanner Rainey,2022-08-03,2022.0
104,A.J. Block,2022-08-01,2022.0
105,Matt Canterino,2022-08-01,2022.0
106,Trent Palmer,2022-08-01,2022.0
107,Jake Brentz,2022-07-21,2022.0
108,Yoljeldriz Diaz,2022-07-21,2022.0
111,Jake Miller,2022-07-20,2022.0
110,Vladimir Gutierrez,2022-07-20,2022.0
109,Brad Wieck,2022-07-20,2022.0
112,Ethan Roberts,2022-07-13,2022.0
114,Brady McConnell,2022-07-01,2022.0
113,Allan Hernandez,2022-07-01,2022.0
2450,Sean Doolittle,2022-07-01,2022.0
115,Ben Anderson,2022-07-01,2022.0
116,Andrew Kittredge,2022-06-22,2022.0
117,Hyun-Jin Ryu,2022-06-18,2022.0
118,Casey Mize,2022-06-15,2022.0
119,Joe Ross,2022-06-10,2022.0
121,Max Kranick,2022-06-03,2022.0
120,Justin Wilson,2022-06-03,2022.0
122,Chad Green,2022-06-01,2022.0
123,Trey McGough,2022-06-01,2022.0
124,Ian Seymour,2022-06-01,2022.0
125,Bo Bonds,2022-06-01,2022.0
127,Carter Kieboom,2022-05-27,2022.0
126,Jahmai Jones,2022-05-27,2022.0
128,Luis Gil,2022-05-24,2022.0
129,Chris Paddack,2022-05-18,2022.0
2395,Bryce Harper,2022-05-15,2022.0
130,Kyle Brnovich,2022-05-11,2022.0
131,Sean Reid-Foley,2022-05-11,2022.0
134,Joey Murray,2022-05-01,2022.0
132,Dominic LoBrutto,2022-05-01,2022.0
133,Hunter Barco,2022-05-01,2022.0
137,Johan Dominguez,2022-04-27,2022.0
136,Jeremy Wu-Yelland,2022-04-27,2022.0
135,John Means,2022-04-27,2022.0
139,Dylan Lesko,2022-04-26,2022.0
138,Darien Nunez,2022-04-26,2022.0
140,Tom Hackimer,2022-04-25,2022.0
143,Deolis Guerra,2022-04-13,2022.0
142,Jonathan Teaney,2022-04-13,2022.0
141,Luke Jackson,2022-04-13,2022.0
144,Sean Guenther,2022-04-07,2022.0
145,Garrett Crochet,2022-04-05,2022.0
146,Colby White,2022-04-04,2022.0
147,Cole Phillips,2022-04-01,2022.0
148,Hunter Patteson,2022-04-01,2022.0
149,Ryley Gilliam,2022-04-01,2022.0
150,Christian McGowan,2022-04-01,2022.0
151,Trey Dillard,2022-04-01,2022.0
152,Daniel Camarena,2022-04-01,2022.0
2451,Adam Meier,2022-04-01,2022.0
153,Brody Rodning,2022-03-30,2021.0
154,Max Green,2022-03-23,2021.0
155,Christian MacLeod,2022-03-08,2021.0
2452,Will Kincanon,2022-03-08,2021.0
156,Codi Heuer,2022-03-07,2021.0
157,James Hicks,2022-03-04,2021.0
159,Bradley Blalock,2022-03-01,2021.0
158,Landon Sims,2022-03-01,2021.0
160,Will Frisch,2022-03-01,2021.0
161,Will Kincanon,2022-03-01,2021.0
162,Luis Rodriguez,2022-03-01,2021.0
163,Daylen Lile,2022-03-01,2021.0
164,Scott Engler,2022-02-28,2021.0
165,Daysbel Hernandez,2022-02-08,2021.0
166,Elmson Candelario,2022-02-01,2021.0
167,Peyton Pallette,2022-01-31,2021.0
168,Zack Hess,2022-01-26,2021.0
174,Drew Gray,2022-01-01,2021.0
176,Zachary Hammer,2022-01-01,2021.0
169,Jared Johnson,2022-01-01,2021.0
170,Jesse Franklin,2022-01-01,2021.0
171,Brooks Wilson,2022-01-01,2021.0
172,Hayden Mullins,2022-01-01,2021.0
173,Bryan King,2022-01-01,2021.0
175,Logan Lyle,2022-01-01,2021.0
187,Michael Limoncelli,2022-01-01,2021.0
185,Omari Daniel,2022-01-01,2021.0
177,Tanner Kohlhepp,2022-01-01,2021.0
178,Ethan Bosacker,2022-01-01,2021.0
179,Jordan Woods,2022-01-01,2021.0
180,Edgardo Henriquez,2022-01-01,2021.0
181,Carlos Duran,2022-01-01,2021.0
182,Luke Fox,2022-01-01,2021.0
183,Paul Campbell,2022-01-01,2021.0
184,Will Childers,2022-01-01,2021.0
186,Jake Eddington,2022-01-01,2021.0
188,Henry Williams,2021-12-16,2021.0
189,Miguel Amaya,2021-11-30,2021.0
190,Pedro Santos,2021-11-29,2021.0
191,Evan Marshall,2021-11-23,2021.0
192,Reggie Crawford,2021-11-01,2021.0
193,Tanner McDougal,2021-10-28,2021.0
194,Erik Sabrowski,2021-10-16,2021.0
195,Juan Hillman,2021-10-12,2021.0
2453,Nick Anderson,2021-10-01,2021.0
196,Tyler Beck,2021-10-01,2021.0
197,Richard Lovelady,2021-09-29,2021.0
2396,Chris Paddack,2021-09-27,2021.0
198,Parker Curry,2021-09-24,2021.0
199,CJ Van Eyk,2021-09-20,2021.0
2454,Zach Britton,2021-09-08,2021.0
2455,Eli White,2021-09-08,2021.0
200,Jake Rogers,2021-09-08,2021.0
201,Cole Wilcox,2021-09-08,2021.0
207,Kenta Maeda,2021-09-01,2021.0
202,Jake Walters,2021-09-01,2021.0
203,Jake Eder,2021-09-01,2021.0
204,Arman Sabouri,2021-09-01,2021.0
205,John Axford,2021-09-01,2021.0
206,John Curtiss,2021-09-01,2021.0
208,Tejay Antone,2021-08-27,2021.0
209,Austin Hansen,2021-08-25,2021.0
210,Jordan Guerrero,2021-08-17,2021.0
211,Luis Rijo,2021-08-10,2021.0
212,Tyler Glasnow,2021-08-04,2021.0
213,Braxton Ashcraft,2021-08-02,2021.0
2456,Garrett Cooper,2021-08-01,2021.0
214,Spencer Schwellenbach,2021-08-01,2021.0
215,Jimmy Nelson,2021-08-01,2021.0
216,Paulshawn Pasqualotto,2021-08-01,2021.0
217,Yoendrys Gomez,2021-08-01,2021.0
218,Carter Loewen,2021-08-01,2021.0
219,Spencer Turnbull,2021-07-29,2021.0
220,Cole Roederer,2021-07-13,2021.0
221,Conor Grammes,2021-07-07,2021.0
222,Tanner Andrews,2021-07-07,2021.0
229,Jose Dicochea,2021-07-01,2021.0
223,Luke Shilling,2021-07-01,2021.0
224,Shane McCarthy,2021-07-01,2021.0
225,Kosuke Matsuda,2021-07-01,2021.0
226,Caden Lemons,2021-07-01,2021.0
227,Troy Miller,2021-07-01,2021.0
228,Tony Dibrell,2021-07-01,2021.0
230,Brady Basso,2021-07-01,2021.0
231,Bruce Maxwell,2021-07-01,2021.0
232,Dan Altavilla,2021-06-29,2021.0
233,Jairo Solis,2021-06-28,2021.0
2457,Tyree Thompson,2021-06-28,2021.0
234,Joey Lucchesi,2021-06-24,2021.0
235,Seth Pinkerton,2021-06-16,2021.0
236,Jose Soriano,2021-06-15,2021.0
237,Grant Townsend,2021-06-10,2021.0
238,Troy Watson,2021-06-10,2021.0
239,Blayne Enlow,2021-06-09,2021.0
2458,Kent Emanuel,2021-06-03,2021.0
240,Thad Ward,2021-06-03,2021.0
244,Joander Suarez,2021-06-01,2021.0
245,Taylor Lehman,2021-06-01,2021.0
246,Jeferson Garcia,2021-06-01,2021.0
247,Andrew Vail,2021-06-01,2021.0
248,Jackson Rees,2021-06-01,2021.0
242,Chris Devenski,2021-06-01,2021.0
241,Justin Martinez,2021-06-01,2021.0
243,Jonathan Bowlan,2021-06-01,2021.0
249,Connor Prielipp,2021-05-27,2021.0
251,Dane Acker,2021-05-26,2021.0
250,Brenan Hanifee,2021-05-26,2021.0
253,Ian Bedell,2021-05-25,2021.0
252,JoJo Romero,2021-05-25,2021.0
254,Albertus Barber,2021-05-20,2021.0
255,Keone Kela,2021-05-19,2021.0
256,Gunnar Hoglund,2021-05-18,2021.0
258,Dustin May,2021-05-12,2021.0
257,Ethan Hankins,2021-05-12,2021.0
259,Ben Hecht,2021-05-11,2021.0
260,Colton Gordon,2021-05-10,2021.0
261,Max Carlson,2021-05-06,2021.0
269,Harol Gonzalez,2021-05-01,2021.0
272,Ljay Newsome,2021-05-01,2021.0
262,Brock Bell,2021-05-01,2021.0
264,Jack Mahoney,2021-05-01,2021.0
265,Franklin Barreto,2021-05-01,2021.0
266,Justin Wrobleski,2021-05-01,2021.0
267,Brock Stewart,2021-05-01,2021.0
268,Matt Allan,2021-05-01,2021.0
270,Jake Agnos,2021-05-01,2021.0
271,Nick Fanti,2021-05-01,2021.0
263,Ryan Webb,2021-05-01,2021.0
273,Luis Avilan,2021-04-28,2021.0
275,Mo Hanley,2021-04-20,2021.0
276,Adrian Morejon,2021-04-20,2021.0
274,Jaden Hill,2021-04-20,2021.0
277,James Paxton,2021-04-14,2021.0
278,Bryan Mata,2021-04-13,2021.0
279,Sam Delaplane,2021-04-13,2021.0
280,Ty Adcock,2021-04-13,2021.0
281,Jonathan Hernandez,2021-04-12,2021.0
282,Brandon Marklund,2021-04-07,2021.0
2459,Bryan Woo,2021-04-01,2021.0
283,Doug Kirkland,2021-04-01,2021.0
284,Aaron McGarity,2021-04-01,2021.0
286,Dedniel Nunez,2021-03-30,2020.0
285,Michel Baez,2021-03-30,2020.0
287,Jose Leclerc,2021-03-30,2020.0
288,Rico Garcia,2021-03-27,2020.0
289,Roenis Elias,2021-03-24,2020.0
290,Kirby Yates,2021-03-24,2020.0
291,Blake Cederlind,2021-03-23,2020.0
292,Jimmy Cordero,2021-03-18,2020.0
293,Gerardo Reyes,2021-03-18,2020.0
294,Forrest Whitley,2021-03-17,2020.0
295,Cooper Benson,2021-03-16,2020.0
296,Trey Supak,2021-03-03,2020.0
301,Jose Castillo,2021-03-01,2020.0
300,Jacob Nix,2021-03-01,2020.0
302,Antonio Menendez,2021-03-01,2020.0
298,Brendan McCurry,2021-03-01,2020.0
297,Brian Eichhorn,2021-03-01,2020.0
303,Jimmy Robbins,2021-03-01,2020.0
304,Erik Tolman,2021-03-01,2020.0
299,George Klassen,2021-03-01,2020.0
305,Brandon Bailey,2021-02-26,2020.0
308,Robbie Glendinning,2021-02-01,2020.0
306,Hunter Dobbins,2021-02-01,2020.0
307,Cade Horton,2021-02-01,2020.0
345,Andrew Owen,2021-01-01,2020.0
347,Mason Denaburg,2021-01-01,2020.0
344,Jacob Lopez,2021-01-01,2020.0
310,Jack Patterson,2021-01-01,2020.0
309,Stefan Crichton,2021-01-01,2020.0
342,Keaton Winn,2021-01-01,2020.0
311,P.J. Higgins,2021-01-01,2020.0
2460,Nick Frasso,2021-01-01,2020.0
343,John Gavin,2021-01-01,2020.0
346,Sam Ryan,2021-01-01,2020.0
341,Logan Rinehart,2021-01-01,2020.0
320,Blair Henley,2021-01-01,2020.0
327,Daison Acosta,2021-01-01,2020.0
326,Jon Olsen,2021-01-01,2020.0
325,Mark Manfredi,2021-01-01,2020.0
324,Shane Smith,2021-01-01,2020.0
323,Juan Geraldo,2021-01-01,2020.0
322,Max Lazar,2021-01-01,2020.0
321,Sonny DiChiara,2021-01-01,2020.0
319,Alexandro Castro,2021-01-01,2020.0
340,Jagger Haynes,2021-01-01,2020.0
318,Logan Franco,2021-01-01,2020.0
317,Alex Royalty,2021-01-01,2020.0
316,Carlos Vargas,2021-01-01,2020.0
315,Miguel Vinicio,2021-01-01,2020.0
314,Sergio Morillo,2021-01-01,2020.0
313,Lyon Richardson,2021-01-01,2020.0
312,Tyler Callihan,2021-01-01,2020.0
328,Ariel Jurado,2021-01-01,2020.0
329,Jordany Ventura,2021-01-01,2020.0
330,Trevor Lane,2021-01-01,2020.0
336,Aaron Shortridge,2021-01-01,2020.0
332,Brian Hendry,2021-01-01,2020.0
333,Rafael Kelly,2021-01-01,2020.0
334,Starlyn Castillo,2021-01-01,2020.0
335,Brett Schulze,2021-01-01,2020.0
339,Lake Bachar,2021-01-01,2020.0
338,Elijah Birdsong,2021-01-01,2020.0
337,Owen Sharts,2021-01-01,2020.0
331,Brendan Beck,2021-01-01,2020.0
348,Jack Hartman,2020-12-09,2020.0
349,Alex Faedo,2020-12-01,2020.0
350,Mike Clevinger,2020-11-17,2020.0
2461,Ryan Bergert,2020-11-01,2020.0
351,Efrain Contreras,2020-11-01,2020.0
352,Carter Baumler,2020-10-28,2020.0
353,Ricardo Sanchez,2020-10-16,2020.0
354,Nick Burdi,2020-10-14,2020.0
355,Garrett Brown,2020-10-08,2020.0
2462,Rhys Hoskins,2020-10-02,2020.0
362,Jake Irvin,2020-10-01,2020.0
356,Wilkel Hernandez,2020-10-01,2020.0
357,Chance Adams,2020-10-01,2020.0
358,Ben Joyce,2020-10-01,2020.0
359,Jesus Feliz,2020-10-01,2020.0
360,Kyle Carr,2020-10-01,2020.0
361,Luis Perdomo,2020-10-01,2020.0
363,Justin Verlander,2020-09-30,2020.0
364,Ken Giles,2020-09-30,2020.0
365,Dakota Hudson,2020-09-28,2020.0
366,Caleb Ferguson,2020-09-22,2020.0
367,Ricky Vanasco,2020-09-21,2020.0
368,Tyler Thornburg,2020-09-18,2020.0
2463,Danny Santana,2020-09-09,2020.0
369,Jalen Beeks,2020-09-02,2020.0
2464,Yadiel Rivera,2020-09-01,2020.0
370,Matt Bowman,2020-09-01,2020.0
371,Luis Durango Jr.,2020-09-01,2020.0
372,Yonny Chirinos,2020-08-25,2020.0
373,Darlin Noboa,2020-08-24,2020.0
374,Sam Freeman,2020-08-19,2020.0
375,Foster Griffin,2020-08-11,2020.0
376,Tommy Kahnle,2020-08-04,2020.0
377,Noah Cameron,2020-08-01,2020.0
378,Austen Williams,2020-08-01,2020.0
2397,Nick Burdi,2020-08-01,2020.0
379,Seranthony Dominguez,2020-07-30,2020.0
380,Daniel Tillo,2020-07-29,2020.0
381,Colin Poche,2020-07-29,2020.0
382,Austin Becker,2020-07-28,2020.0
383,Justin Anderson,2020-07-22,2020.0
384,Peter Lambert,2020-07-21,2020.0
385,Trey Wingenter,2020-07-17,2020.0
386,Ty Blach,2020-07-15,2020.0
387,Spencer Jones,2020-07-01,2020.0
388,Joe Cavallaro,2020-06-23,2020.0
389,John Brebbia,2020-06-08,2020.0
390,Kade Mechals,2020-05-01,2020.0
391,Chris Sale,2020-03-30,2019.0
392,Noah Syndergaard,2020-03-26,2019.0
393,Eric Reyzelman,2020-03-25,2019.0
394,Blaine Hardy,2020-03-20,2019.0
395,Reggie Lawson,2020-03-20,2019.0
396,Andres Munoz,2020-03-20,2019.0
397,Tyler Beede,2020-03-20,2019.0
398,Joey Wentz,2020-03-17,2019.0
399,Conner O'Neil,2020-03-10,2019.0
400,Matt Carasiti,2020-03-09,2019.0
2398,Griffin Canning,2020-03-06,2019.0
401,Matt Festa,2020-03-05,2019.0
2399,John Brebbia,2020-03-01,2019.0
402,Alex Williams,2020-03-01,2019.0
403,J.T. Ginn,2020-03-01,2019.0
404,Ryan Garcia,2020-03-01,2019.0
405,Luis Severino,2020-02-27,2019.0
406,Hunter Schryver,2020-02-20,2019.0
407,Eric Pardinho,2020-02-11,2019.0
409,Nick Snyder,2020-02-01,2019.0
408,Jose Soriano,2020-02-01,2019.0
410,Kai Peterson,2020-01-15,2019.0
424,Jorel Ortega,2020-01-01,2019.0
420,Jake Madden,2020-01-01,2019.0
2400,Kent Emanuel,2020-01-01,2019.0
2401,Tommy Pham,2020-01-01,2019.0
429,Jake Wong,2020-01-01,2019.0
428,John Gavin,2020-01-01,2019.0
427,Ryan Bergert,2020-01-01,2019.0
426,Nicoly Pina,2020-01-01,2019.0
425,Hogan Harris,2020-01-01,2019.0
423,Will Childers,2020-01-01,2019.0
421,Sadrac Franco,2020-01-01,2019.0
422,Michael Hobbs,2020-01-01,2019.0
419,Zack Kelly,2020-01-01,2019.0
415,Gabe Gaeckle,2020-01-01,2019.0
411,Zach Fogell,2020-01-01,2019.0
412,Ethan Flanagan,2020-01-01,2019.0
414,Jared Solomon,2020-01-01,2019.0
413,Calvin Harris,2020-01-01,2019.0
416,Joe Adametz,2020-01-01,2019.0
417,Cody Deason,2020-01-01,2019.0
418,Zack Matthews,2020-01-01,2019.0
430,Patrick Winkel,2019-12-01,2019.0
431,Buddy Hayward,2019-12-01,2019.0
432,Billy Seidl,2019-11-07,2019.0
433,Daniel Acosta,2019-11-07,2019.0
434,Aaron Hicks,2019-10-30,2019.0
436,Jolon Zhao,2019-10-29,2019.0
435,Kutter Crawford,2019-10-29,2019.0
437,Steven Wright,2019-10-22,2019.0
438,Connor Sadzeck,2019-10-03,2019.0
439,Adam Wolf,2019-10-01,2019.0
2465,Rich Hill,2019-10-01,2019.0
440,Jose Alberro,2019-09-26,2019.0
441,Tim Mayza,2019-09-18,2019.0
442,Pablo Sandoval,2019-09-04,2019.0
448,Tom Cosgrove,2019-09-01,2019.0
443,Connor Van Scoyoc,2019-09-01,2019.0
444,Dax Fulton,2019-09-01,2019.0
445,Edouard Julien,2019-09-01,2019.0
446,Pedro Avila,2019-09-01,2019.0
447,Adam Warren,2019-09-01,2019.0
449,Jeremiah Estrada,2019-08-23,2019.0
450,Blake Townsend,2019-08-19,2019.0
452,Chasen Bradford,2019-08-15,2019.0
451,David Robertson,2019-08-15,2019.0
2466,Drew Robinson,2019-08-15,2019.0
453,Jameson Taillon,2019-08-13,2019.0
2403,Blaine Hardy,2019-08-01,2019.0
455,Gus Varland,2019-08-01,2019.0
456,Jake Walsh,2019-08-01,2019.0
2402,Steven Wright,2019-08-01,2019.0
454,Casey Legumina,2019-08-01,2019.0
458,Raynel Espinal,2019-07-25,2019.0
457,Leoner Colina,2019-07-25,2019.0
459,Ricky Karcher,2019-07-23,2019.0
460,Blake Lillis,2019-07-18,2019.0
461,Alec Kenilvort,2019-07-17,2019.0
462,Luke Boyd,2019-07-05,2019.0
464,Corbin Martin,2019-07-03,2019.0
463,Josh Rogers,2019-07-03,2019.0
467,Matt Bush,2019-07-01,2019.0
465,Garrett Whitlock,2019-07-01,2019.0
466,Sam Tewes,2019-07-01,2019.0
468,Jean Casanova,2019-06-30,2019.0
469,Jordan Hicks,2019-06-26,2019.0
471,Ryan Burr,2019-06-25,2019.0
470,Jimmy Lambert,2019-06-25,2019.0
472,Cole Bellinger,2019-06-20,2019.0
473,Preston Gainey,2019-06-14,2019.0
2404,Seranthony Dominguez,2019-06-14,2019.0
474,Cale Coshow,2019-06-07,2019.0
475,Corey Taylor,2019-06-04,2019.0
476,Jack Perkins,2019-06-04,2019.0
477,Michael Limoncelli,2019-06-04,2019.0
478,Victor Soteldo,2019-06-01,2019.0
479,Peter Solomon,2019-06-01,2019.0
480,John Swanda,2019-06-01,2019.0
481,Akil Baddoo,2019-06-01,2019.0
482,Miguel Mercedes,2019-06-01,2019.0
483,Trevor Bettencourt,2019-06-01,2019.0
484,Dantel Ramirez,2019-05-30,2019.0
485,Duncan Robinson,2019-05-29,2019.0
486,Tyler Wells,2019-05-29,2019.0
487,John Fasola,2019-05-21,2019.0
488,Ryan Boldt,2019-05-20,2019.0
489,Tate Budnick,2019-05-16,2019.0
490,Carlos Rodon,2019-05-15,2019.0
491,Lenny Torres,2019-05-15,2019.0
492,Cole Ragans,2019-05-15,2019.0
493,Zach Pop,2019-05-14,2019.0
494,Kyle Young,2019-05-08,2019.0
495,Sahid Valenzuela,2019-05-02,2019.0
499,Sean Mooney,2019-05-01,2019.0
497,Trey Benton,2019-05-01,2019.0
504,Owen White,2019-05-01,2019.0
496,Jake Thompson,2019-05-01,2019.0
498,Brant Hurter,2019-05-01,2019.0
500,Ben Brown,2019-05-01,2019.0
501,Nolan Hoffman,2019-05-01,2019.0
502,Jamal Wade,2019-05-01,2019.0
503,Michael Mercado,2019-05-01,2019.0
505,Anderson Espinoza,2019-04-22,2019.0
506,A.J. Ladwig,2019-04-12,2019.0
507,Mason Englert,2019-04-12,2019.0
508,Corey Black,2019-04-09,2019.0
509,Hunter Greene,2019-04-09,2019.0
510,Ryan Dease,2019-04-04,2019.0
511,Corey Knebel,2019-04-03,2019.0
514,Davis Daniel,2019-04-01,2019.0
517,Zach Penrod,2019-04-01,2019.0
516,Matt Sauer,2019-04-01,2019.0
515,Braydon Fisher,2019-04-01,2019.0
513,Jack DeGroat,2019-04-01,2019.0
512,Kevin Abel,2019-04-01,2019.0
518,Seth Halvorsen,2019-03-29,2018.0
519,Pat Monteverde,2019-03-29,2018.0
520,Brian Fitzpatrick,2019-03-28,2018.0
521,Michael Fulmer,2019-03-27,2018.0
522,Brady Puckett,2019-03-26,2018.0
523,Ryan Brinley,2019-03-20,2018.0
524,Dane Dunning,2019-03-18,2018.0
525,Silvino Bracho,2019-03-13,2018.0
526,A.J. Puckett,2019-03-13,2018.0
527,Drew Smith,2019-03-12,2018.0
528,Mark Leiter Jr.,2019-03-12,2018.0
529,Salvador Perez,2019-03-06,2018.0
530,Trey Cobb,2019-03-01,2018.0
531,Billy Sullivan,2019-03-01,2018.0
532,Chris Smith,2019-02-26,2018.0
534,Graham Hoffman,2019-02-01,2018.0
533,Spencer Strider,2019-02-01,2018.0
535,Roniel Raudes,2019-01-31,2018.0
536,Roel Garcia,2019-01-29,2018.0
537,Hugh Fisher,2019-01-01,2018.0
551,Jose Hernandez,2019-01-01,2018.0
565,Jhon Romero,2019-01-01,2018.0
564,Yosver Zulueta,2019-01-01,2018.0
563,Kevin Herget,2019-01-01,2018.0
562,John Russell,2019-01-01,2018.0
561,Teddy McGraw,2019-01-01,2018.0
560,Levi Stoudt,2019-01-01,2018.0
559,Max Roberts,2019-01-01,2018.0
558,Mason Feole,2019-01-01,2018.0
557,Julian Bosnic,2019-01-01,2018.0
556,Andrew Schultz,2019-01-01,2018.0
555,Tyler Stuart,2019-01-01,2018.0
553,Carlos Suniaga,2019-01-01,2018.0
552,Sam Praytor,2019-01-01,2018.0
554,Michael Montero,2019-01-01,2018.0
550,Braidyn Fink,2019-01-01,2018.0
543,Garrett Davila,2019-01-01,2018.0
538,Sal Giardina,2019-01-01,2018.0
539,J.J. Niekro,2019-01-01,2018.0
549,Luke Murphy,2019-01-01,2018.0
541,Micah Pries,2019-01-01,2018.0
542,Alonzo Tredwell,2019-01-01,2018.0
540,Christopher Troye,2019-01-01,2018.0
544,Nolan Watson,2019-01-01,2018.0
545,Noah Bryant,2019-01-01,2018.0
546,Stephen Greenlees,2019-01-01,2018.0
547,Ashe Russell,2019-01-01,2018.0
548,Andrew Peters,2019-01-01,2018.0
566,Caleb Bolden,2018-12-01,2018.0
567,Lance McCullers Jr.,2018-11-06,2018.0
568,Franklyn Kilome,2018-10-24,2018.0
569,Didi Gregorius,2018-10-17,2018.0
570,Carson Ragsdale,2018-10-04,2018.0
571,Edgar Santana,2018-10-04,2018.0
572,Jerry Vasto,2018-10-03,2018.0
575,Shohei Ohtani,2018-10-01,2018.0
573,Kale Emshoff,2018-10-01,2018.0
574,Tylor Fischer,2018-10-01,2018.0
576,Chad Kuhl,2018-09-19,2018.0
577,Michael Kopech,2018-09-18,2018.0
578,Quintin Torres-Costa,2018-09-13,2018.0
579,Jose Mujica,2018-09-11,2018.0
2467,Matt Bush,2018-09-01,2018.0
580,Travis MacGregor,2018-09-01,2018.0
581,Artie Lewicki,2018-08-31,2018.0
582,Seth Romero,2018-08-30,2018.0
583,Francis Martes,2018-08-15,2018.0
584,Isaiah Carranza,2018-08-14,2018.0
585,Drake Owenby,2018-08-09,2018.0
586,Jacob Barnwell,2018-08-08,2018.0
587,Dustin Hunt,2018-08-07,2018.0
588,Yasel Antuna,2018-08-07,2018.0
589,Johnny Cueto,2018-08-02,2018.0
2468,Jesse Hahn,2018-08-01,2018.0
590,Jairo Solis,2018-08-01,2018.0
591,Boomer Biegalski,2018-08-01,2018.0
592,Daniel Gossett,2018-08-01,2018.0
593,Brent Suter,2018-07-31,2018.0
594,Kendall Graveman,2018-07-30,2018.0
595,Garrett Richards,2018-07-24,2018.0
596,Austin Franklin,2018-07-24,2018.0
597,Graham Lawson,2018-07-23,2018.0
598,Cam Hill,2018-07-20,2018.0
599,Kyle Cody,2018-07-19,2018.0
600,Micker Adolfo,2018-07-17,2018.0
2405,T.J. Rivera,2018-07-16,2018.0
601,John Lamb,2018-07-10,2018.0
602,Sam Carlson,2018-07-02,2018.0
603,Brandon Leibrandt,2018-07-01,2018.0
604,Kyri Washington,2018-06-28,2018.0
605,Brandon Koch,2018-06-26,2018.0
606,Mitchell Kilkenny,2018-06-25,2018.0
607,Alex Speas,2018-06-25,2018.0
608,Patrick Riehl,2018-06-22,2018.0
609,Chris Mathewson,2018-06-22,2018.0
610,Sam Fuller,2018-06-19,2018.0
612,Anthony Banda,2018-06-14,2018.0
611,Jose Adames,2018-06-14,2018.0
613,Sam Bordner,2018-06-12,2018.0
614,Drew Strotman,2018-06-11,2018.0
615,Kevin Shackelford,2018-06-08,2018.0
616,Jordan Montgomery,2018-06-07,2018.0
2406,Shohei Ohtani,2018-06-07,2018.0
617,Grant Hockin,2018-06-06,2018.0
618,Caleb Dirks,2018-06-05,2018.0
619,Ryan Sherriff,2018-06-05,2018.0
621,Gerson Moreno,2018-06-01,2018.0
622,Evan Elliott,2018-06-01,2018.0
620,Sean Burke,2018-06-01,2018.0
623,Blake Wood,2018-05-30,2018.0
624,Skylar Szynski,2018-05-29,2018.0
625,Aaron Perry,2018-05-24,2018.0
626,Keynan Middleton,2018-05-22,2018.0
627,Jay Groome,2018-05-15,2018.0
628,Lachlan Wells,2018-05-14,2018.0
629,Collin Wiles,2018-05-07,2018.0
630,Corey Seager,2018-05-04,2018.0
631,Chad Hockin,2018-05-02,2018.0
2469,Ronnie Williams,2018-05-01,2018.0
633,Josh Pennington,2018-05-01,2018.0
634,Clay Aguilar,2018-05-01,2018.0
635,Kevin Gadea,2018-05-01,2018.0
636,Matt Dermody,2018-05-01,2018.0
637,Gabe Klobosits,2018-05-01,2018.0
632,Breiling Eusebio,2018-05-01,2018.0
638,Brac Warren,2018-04-27,2018.0
639,Taijuan Walker,2018-04-25,2018.0
640,Dinelson Lamet,2018-04-20,2018.0
641,Justin Courtney,2018-04-19,2018.0
642,Scott Williams,2018-04-18,2018.0
643,JC Ramirez,2018-04-17,2018.0
644,Matt Givin,2018-04-17,2018.0
645,Travis d'Arnaud,2018-04-17,2018.0
646,Clayton Blackburn,2018-04-12,2018.0
647,Heath Donica,2018-04-11,2018.0
648,A.J. Puk,2018-04-10,2018.0
649,Ben Heller,2018-04-06,2018.0
650,Julian Fernandez,2018-04-05,2018.0
651,Colin Holderman,2018-04-04,2018.0
2470,Kyle Marman,2018-04-01,2018.0
652,Pablo Ochoa,2018-04-01,2018.0
653,Dakota Chalmers,2018-04-01,2018.0
654,Dalton Sawyer,2018-04-01,2018.0
655,Wil Jensen,2018-04-01,2018.0
656,Grayson Huffman,2018-04-01,2018.0
657,Alex Dickerson,2018-03-28,2017.0
658,Cole Ragans,2018-03-28,2017.0
659,Jacob Lindgren,2018-03-27,2017.0
660,Rafael Montero,2018-03-27,2017.0
661,David Phelps,2018-03-26,2017.0
662,Jharel Cotton,2018-03-21,2017.0
663,Preston Gainey,2018-03-20,2017.0
664,Scott Kobos,2018-03-18,2017.0
665,Jose De Leon,2018-03-13,2017.0
666,Joe Mantiply,2018-03-09,2017.0
667,Julian Merryweather,2018-03-09,2017.0
668,Tyler Spurlin,2018-03-09,2017.0
669,Nick Ernst,2018-03-09,2017.0
671,Corey Merrill,2018-03-01,2017.0
672,Mason Ward,2018-03-01,2017.0
673,Steven Gingery,2018-03-01,2017.0
674,Elieser Medrano,2018-03-01,2017.0
670,Noah Davis,2018-03-01,2017.0
675,Brent Honeywell,2018-02-27,2017.0
676,Tyler Holton,2018-02-22,2017.0
677,Bryan Garcia,2018-02-15,2017.0
678,Christian Trent,2018-02-13,2017.0
679,Cullen Dana,2018-02-01,2017.0
680,Andrew Bellatti,2018-02-01,2017.0
681,Luke Lanphere,2018-01-31,2017.0
2471,Rick Ankiel,2018-01-01,2017.0
695,Russell Smith,2018-01-01,2017.0
704,Luis Munoz,2018-01-01,2017.0
696,Randy LeBlanc,2018-01-01,2017.0
711,Kevin Strohschein,2018-01-01,2017.0
710,Trenton Wallace,2018-01-01,2017.0
709,Mike Ellenbest,2018-01-01,2017.0
708,Seth Nordlin,2018-01-01,2017.0
707,Peter Maris,2018-01-01,2017.0
706,Tyler Myrick,2018-01-01,2017.0
705,Patrick Ruotolo,2018-01-01,2017.0
703,Erik Sabrowski,2018-01-01,2017.0
702,Mark Zimmerman,2018-01-01,2017.0
701,Nik Turley,2018-01-01,2017.0
700,Anthony Hall,2018-01-01,2017.0
699,Montana Semmel,2018-01-01,2017.0
697,Jon Olsen,2018-01-01,2017.0
698,Zach Featherstone,2018-01-01,2017.0
694,Remey Reed,2018-01-01,2017.0
688,Nick Hernandez,2018-01-01,2017.0
682,Alger Hodgson,2018-01-01,2017.0
683,Brock Bell,2018-01-01,2017.0
684,J.B. Olson,2018-01-01,2017.0
685,Bailey Horn,2018-01-01,2017.0
686,Jack DeGroat,2018-01-01,2017.0
687,Kyle Thomas,2018-01-01,2017.0
689,Ryan Thompson,2018-01-01,2017.0
690,Chad Sykes,2018-01-01,2017.0
691,Kyle Molnar,2018-01-01,2017.0
692,Michael Darrell-Hicks,2018-01-01,2017.0
693,Roman Phansalkar,2018-01-01,2017.0
712,Clayton Beeter,2017-12-01,2017.0
713,Justin Hooper,2017-11-08,2017.0
714,Andrew Vernon,2017-10-19,2017.0
715,Jason Morgan,2017-10-03,2017.0
718,Kevin Kopps,2017-10-01,2017.0
2407,Shohei Ohtani,2017-10-01,2017.0
717,Alex Garbrick,2017-10-01,2017.0
2408,Matt Givin,2017-10-01,2017.0
716,Glenn Albanese,2017-10-01,2017.0
2409,Wei-Yin Chen,2017-09-27,2017.0
719,Drew Storen,2017-09-26,2017.0
721,Jesen Therrien,2017-09-19,2017.0
720,Nash Walters,2017-09-19,2017.0
722,T.J. Rivera,2017-09-14,2017.0
723,Sam Coonrod,2017-09-06,2017.0
724,Chase Ingram,2017-09-01,2017.0
726,Trevor Rosenthal,2017-08-30,2017.0
725,Luis De Los Santos,2017-08-30,2017.0
728,Jordan Humphreys,2017-08-29,2017.0
727,Grant Dayton,2017-08-29,2017.0
2410,JC Ramirez,2017-08-24,2017.0
729,Drew Rasmussen,2017-08-23,2017.0
730,Rubby De La Rosa,2017-08-22,2017.0
731,Justin Steele,2017-08-22,2017.0
732,Kevin Gowdy,2017-08-15,2017.0
733,Peter Fairbanks,2017-08-14,2017.0
2472,Skylar Szynski,2017-08-07,2017.0
734,Edinson Volquez,2017-08-04,2017.0
735,Luis Cordero,2017-08-03,2017.0
736,Brett Eibner,2017-08-01,2017.0
737,Joe Record,2017-08-01,2017.0
2473,Shea Murray,2017-08-01,2017.0
738,Anderson Espinoza,2017-07-31,2017.0
2411,T.J. Rivera,2017-07-28,2017.0
739,Zack Burdi,2017-07-27,2017.0
740,Max Kuhns,2017-07-26,2017.0
741,Nick Longhi,2017-07-25,2017.0
742,Darren Shred,2017-07-25,2017.0
743,Chi Chi Gonzalez,2017-07-24,2017.0
744,Logan Harasta,2017-07-21,2017.0
746,Joe Ross,2017-07-19,2017.0
745,Thomas Szapucki,2017-07-19,2017.0
747,Michael Pineda,2017-07-18,2017.0
748,Andre Rienzo,2017-07-14,2017.0
2474,Gunner Leger,2017-07-13,2017.0
749,Drew Smyly,2017-07-06,2017.0
753,Frankie Tostado,2017-07-01,2017.0
750,Jason Foley,2017-07-01,2017.0
751,Wes Helsabeck,2017-07-01,2017.0
752,Mario Sanchez,2017-07-01,2017.0
755,Lucas Luetge,2017-06-27,2017.0
754,Patrick Weigel,2017-06-27,2017.0
756,Zach Putnam,2017-06-23,2017.0
757,Andrew Miller,2017-06-23,2017.0
758,Edgardo Sandoval,2017-06-21,2017.0
759,Jandel Gustave,2017-06-21,2017.0
760,Gleyber Torres,2017-06-21,2017.0
761,Braxton Garrett,2017-06-20,2017.0
762,Jordan Holloway,2017-06-19,2017.0
763,Joe Perez,2017-06-13,2017.0
764,Matt Smith,2017-06-06,2017.0
765,Yosmer Leal,2017-06-06,2017.0
766,Brandon Walter,2017-06-01,2017.0
767,Noah Murdock,2017-06-01,2017.0
768,Travis Herrin,2017-06-01,2017.0
769,Joel Huertas,2017-06-01,2017.0
770,Jackson Smeltz,2017-06-01,2017.0
771,Josh Roberson,2017-05-31,2017.0
772,Nick Burdi,2017-05-31,2017.0
773,Bo Tucker,2017-05-30,2017.0
774,Logan Gragg,2017-05-30,2017.0
775,Rob Wooten,2017-05-23,2017.0
776,Luis Mora,2017-05-19,2017.0
777,Evan Grills,2017-05-17,2017.0
778,Shawn Tolleson,2017-05-17,2017.0
779,Ian Gardeck,2017-05-16,2017.0
780,Shelby Miller,2017-05-10,2017.0
2412,Anthony Santander,2017-05-09,2017.0
781,Chase Johnson,2017-05-08,2017.0
783,Clarke Schmidt,2017-05-03,2017.0
782,Blake Tiberi,2017-05-03,2017.0
784,Brady Rodgers,2017-05-02,2017.0
785,Ryan O'Rourke,2017-05-02,2017.0
791,Blake Bass,2017-05-01,2017.0
790,Chris Muller,2017-05-01,2017.0
788,Jean Cosme,2017-05-01,2017.0
787,Michael Grove,2017-05-01,2017.0
789,Mac Marshall,2017-05-01,2017.0
786,Yoiber Marquina,2017-05-01,2017.0
792,Daulton Jefferies,2017-04-26,2017.0
793,Joe Palumbo,2017-04-26,2017.0
794,Seth Simmons,2017-04-21,2017.0
795,John Pomeroy,2017-04-19,2017.0
797,James Kaprielian,2017-04-18,2017.0
796,Dariel Alvarez,2017-04-18,2017.0
2475,John Fasola,2017-04-17,2017.0
2413,Branden Kline,2017-04-15,2017.0
798,Robert Suarez,2017-04-14,2017.0
799,Jensen Elliott,2017-04-13,2017.0
800,Witt Haggard,2017-04-13,2017.0
801,Mike Nikorak,2017-04-12,2017.0
802,Ryan Koziol,2017-04-08,2017.0
804,Tejay Antone,2017-04-05,2017.0
803,Clay Fisher,2017-04-05,2017.0
805,Matt De La Rosa,2017-04-04,2017.0
2414,Seth Lugo,2017-04-04,2017.0
806,Michael McAvene,2017-04-01,2017.0
808,Rayan Gonzalez,2017-04-01,2017.0
809,Trey Turner,2017-04-01,2017.0
807,Josh Burgmann,2017-04-01,2017.0
810,Bo Schultz,2017-03-29,2016.0
811,Connor Overton,2017-03-28,2016.0
812,Will Smith,2017-03-28,2016.0
813,Cody Anderson,2017-03-27,2016.0
814,Brock Love,2017-03-24,2016.0
815,Devin Williams,2017-03-23,2016.0
816,Trevor May,2017-03-22,2016.0
817,Justin Alleman,2017-03-22,2016.0
2415,Chi Chi Gonzalez,2017-03-21,2016.0
2476,Jordan Schafer,2017-03-17,2016.0
818,Alex Kirilloff,2017-03-08,2016.0
819,Mason Cole,2017-03-07,2016.0
820,Luis Gamez,2017-03-01,2016.0
821,Cody Scroggins,2017-03-01,2016.0
822,Jeremy Kivel,2017-03-01,2016.0
823,Doug Norman,2017-03-01,2016.0
824,Xavier Fernandez,2017-03-01,2016.0
825,Jake Walkinshaw,2017-03-01,2016.0
2416,Victor Arano,2017-02-22,2016.0
826,Alex Reyes,2017-02-16,2016.0
828,Jason Coats,2017-02-01,2016.0
829,Rayan Hernandez,2017-02-01,2016.0
827,Corey Black,2017-02-01,2016.0
830,Keegan James,2017-01-24,2016.0
859,Steven Wilson,2017-01-01,2016.0
851,Peyton Burdick,2017-01-01,2016.0
852,Josh Simpson,2017-01-01,2016.0
853,Miguel De Jesus,2017-01-01,2016.0
854,Jhony Brito,2017-01-01,2016.0
855,Evan Voliva,2017-01-01,2016.0
856,Yancarlos Baez,2017-01-01,2016.0
857,Michael Murray,2017-01-01,2016.0
858,Dylan Shockley,2017-01-01,2016.0
869,Jackson Leath,2017-01-01,2016.0
870,Joseph Jarneski,2017-01-01,2016.0
860,Bryan Pall,2017-01-01,2016.0
861,Rafael Martinez,2017-01-01,2016.0
862,Kervin Castro,2017-01-01,2016.0
2477,CJ Eldred,2017-01-01,2016.0
871,Cole Quintanilla,2017-01-01,2016.0
849,Nick Robertson,2017-01-01,2016.0
863,Jasier Herrera,2017-01-01,2016.0
868,Glen Richardson,2017-01-01,2016.0
867,Daniel Robert,2017-01-01,2016.0
866,John King,2017-01-01,2016.0
850,Joe Mortillaro,2017-01-01,2016.0
845,Nick Mondak,2017-01-01,2016.0
848,Alec Gamboa,2017-01-01,2016.0
839,Javier Medina,2017-01-01,2016.0
831,Tristin English,2017-01-01,2016.0
832,Nick Meservey,2017-01-01,2016.0
833,Matt Litwicki,2017-01-01,2016.0
834,Corey Zangari,2017-01-01,2016.0
835,Andy Cox,2017-01-01,2016.0
836,Sarkis Ohanian,2017-01-01,2016.0
847,Victor Gonzalez,2017-01-01,2016.0
838,Andrew Wright,2017-01-01,2016.0
837,Nick Hanson,2017-01-01,2016.0
840,Blair Calvo,2017-01-01,2016.0
841,Alex Haynes,2017-01-01,2016.0
2417,Keston Hiura,2017-01-01,2016.0
842,Jose Urquidy,2017-01-01,2016.0
843,C.J. Stubbs,2017-01-01,2016.0
844,Andrew Edwards,2017-01-01,2016.0
864,Jesus Reyes,2017-01-01,2016.0
846,Stiward Aquino,2017-01-01,2016.0
865,Kwang Hyun Kim,2017-01-01,2016.0
872,Colin Rea,2016-11-10,2016.0
873,Bryan Harper,2016-11-08,2016.0
875,Miguel Yajure,2016-11-01,2016.0
874,Andre Jackson,2016-11-01,2016.0
2418,Yimmi Brasoban,2016-11-01,2016.0
876,Yimi Garcia,2016-10-25,2016.0
877,Ryan Cook,2016-10-20,2016.0
878,Andro Cutura,2016-10-12,2016.0
879,Josh Prevost,2016-10-12,2016.0
880,J.B. Wendelken,2016-10-12,2016.0
881,Nick Allgeyer,2016-10-11,2016.0
882,Zach Duke,2016-10-07,2016.0
883,Erik Johnson,2016-10-06,2016.0
884,Anthony Kay,2016-10-04,2016.0
885,Chuck Weaver,2016-10-01,2016.0
2419,Rubby De La Rosa,2016-09-27,2016.0
886,Jose Adames,2016-09-21,2016.0
887,Cesar Gonzalez,2016-09-19,2016.0
888,Doug Willey,2016-09-15,2016.0
889,Raymond Burgos,2016-09-07,2016.0
890,Scott Engler,2016-09-07,2016.0
891,Brooks Kriske,2016-09-01,2016.0
892,Jake Zokan,2016-08-25,2016.0
893,Derek Hill,2016-08-24,2016.0
894,James Jones,2016-08-24,2016.0
895,Nathan Eovaldi,2016-08-19,2016.0
2420,Colin Rea,2016-08-18,2016.0
2421,Aaron Nola,2016-08-17,2016.0
896,Nick Tropeano,2016-08-16,2016.0
2478,Seth Maness,2016-08-16,2016.0
897,Chris Paddack,2016-08-15,2016.0
898,Troy Rallings,2016-08-11,2016.0
899,Dalton Geekie,2016-08-05,2016.0
900,Jacob Lindgren,2016-08-05,2016.0
901,Jorge Ortega,2016-08-04,2016.0
902,Stephen Ridings,2016-08-01,2016.0
904,Kody Clemens,2016-08-01,2016.0
903,Dace Kime,2016-08-01,2016.0
2422,Wei-Yin Chen,2016-08-01,2016.0
906,Cre Finfrock,2016-08-01,2016.0
905,Sean Nolin,2016-08-01,2016.0
907,Andrew Lee,2016-07-29,2016.0
908,Hunter Harvey,2016-07-26,2016.0
909,Adrian Perez,2016-07-26,2016.0
910,Adrian Houser,2016-07-21,2016.0
911,Jon Moscot,2016-07-19,2016.0
912,Kyle Survance,2016-07-08,2016.0
913,Malcolm Van Buren,2016-07-06,2016.0
919,Andrew Heaney,2016-07-01,2016.0
918,Chad Donato,2016-07-01,2016.0
917,Francisco Lopez,2016-07-01,2016.0
916,Sam Hentges,2016-07-01,2016.0
914,Matt Rowland,2016-07-01,2016.0
915,Walker Powell,2016-07-01,2016.0
920,Chris Thomas,2016-06-28,2016.0
921,Jonas Wyatt,2016-06-23,2016.0
922,Carlos Luna,2016-06-23,2016.0
923,Tyler Benninghoff,2016-06-23,2016.0
924,Adam Parks,2016-06-23,2016.0
925,Ryan Williamson,2016-06-22,2016.0
2479,Mitch Harris,2016-06-15,2016.0
926,Hever Bueno,2016-06-13,2016.0
927,Daniel Webb,2016-06-10,2016.0
928,Kyle Molnar,2016-06-01,2016.0
929,Jose Garcia,2016-06-01,2016.0
930,Pedro Perez,2016-06-01,2016.0
931,Logan Webb,2016-06-01,2016.0
932,Martin Agosta,2016-06-01,2016.0
933,Justin Marsden,2016-06-01,2016.0
2423,Jon Edwards,2016-06-01,2016.0
934,Taylor Jordan,2016-05-26,2016.0
937,Dante Biasi,2016-05-24,2016.0
938,Connor Lehmann,2016-05-24,2016.0
935,Carson Smith,2016-05-24,2016.0
936,Alexis Diaz,2016-05-24,2016.0
939,Wyatt Strahan,2016-05-20,2016.0
940,Elliot Ashbeck,2016-05-20,2016.0
941,Michael Gibbons,2016-05-17,2016.0
942,Robbie Erlin,2016-05-17,2016.0
2424,Garrett Richards,2016-05-16,2016.0
943,Pablo Fernandez,2016-05-12,2016.0
944,Tyler Cloyd,2016-05-09,2016.0
945,Chris Bassitt,2016-05-06,2016.0
946,Gray Fenter,2016-05-04,2016.0
948,Jonathan Loaisiga,2016-05-01,2016.0
949,Dylan Brooks,2016-05-01,2016.0
950,Ryan Brett,2016-05-01,2016.0
951,Cobi Johnson,2016-05-01,2016.0
2426,Andrew Heaney,2016-05-01,2016.0
2425,Sean Nolin,2016-05-01,2016.0
947,Nic Enright,2016-05-01,2016.0
952,Zach Plesac,2016-04-29,2016.0
955,Branden Pinder,2016-04-26,2016.0
954,Miguel Del Pozo,2016-04-26,2016.0
953,Harrison Cooney,2016-04-26,2016.0
956,Tarik Skubal,2016-04-20,2016.0
957,Nick Rumbelow,2016-04-19,2016.0
958,Tim Collins,2016-04-15,2016.0
959,Marco Gonzales,2016-04-15,2016.0
960,Jonathan Wandling,2016-04-14,2016.0
962,Jimmy Reed,2016-04-13,2016.0
961,Zach Becherer,2016-04-13,2016.0
963,Jacob Lee,2016-04-12,2016.0
964,Felix Doubront,2016-04-12,2016.0
965,Manny Parra,2016-04-08,2016.0
966,Tyler Kolek,2016-04-06,2016.0
2427,Michael Lorenzen,2016-04-01,2016.0
967,Will Remillard,2016-04-01,2016.0
968,Frank Batista,2016-04-01,2016.0
969,Theo Denlinger,2016-04-01,2016.0
970,Lance Thonvold,2016-04-01,2016.0
971,Deiyerbert Bolivar,2016-04-01,2016.0
972,Sam Tewes,2016-03-31,2015.0
973,Drew Rasmussen,2016-03-29,2015.0
974,Milton Gomez,2016-03-25,2015.0
975,Daniel Missaki,2016-03-24,2015.0
976,Chaz Hebert,2016-03-24,2015.0
977,Ian Gardeck,2016-03-23,2015.0
978,Jesus Luzardo,2016-03-22,2015.0
979,Jairo Diaz,2016-03-18,2015.0
980,Joel Bender,2016-03-15,2015.0
981,Andrew McKirahan,2016-03-10,2015.0
982,Carter Capps,2016-03-08,2015.0
983,Jeremy Randolph,2016-03-04,2015.0
985,Kyle Serrano,2016-03-01,2015.0
984,Ryan Miller,2016-03-01,2015.0
986,Travis Radke,2016-03-01,2015.0
987,Kodi Whitley,2016-03-01,2015.0
988,Aaron Fletcher,2016-03-01,2015.0
989,John Parke,2016-02-23,2015.0
990,Derek West,2016-02-13,2015.0
992,Adrian Martinez,2016-02-01,2015.0
991,Brett Morales,2016-02-01,2015.0
993,Ty Duvall,2016-02-01,2015.0
994,Garrett Hill,2016-01-20,2015.0
996,Nick Duron,2016-01-01,2015.0
2428,Connor Strain,2016-01-01,2015.0
995,Kyle Kinman,2016-01-01,2015.0
1001,Aaron Soto,2016-01-01,2015.0
1000,Andy Parrino,2016-01-01,2015.0
999,Brandon Birdsell,2016-01-01,2015.0
1029,Reid Schaller,2016-01-01,2015.0
1028,Hunter McMahon,2016-01-01,2015.0
1027,Jackson Stoeckinger,2016-01-01,2015.0
1026,Travis Bergen,2016-01-01,2015.0
1025,Cole Uvila,2016-01-01,2015.0
1024,Evan Van Hoosier,2016-01-01,2015.0
1023,Luis Amaya,2016-01-01,2015.0
1022,Nathan Bannister,2016-01-01,2015.0
1021,Ryan Valdes,2016-01-01,2015.0
1020,Zach Green,2016-01-01,2015.0
1019,Grant Dyer,2016-01-01,2015.0
1018,Ty Hensley,2016-01-01,2015.0
1017,Edwin German,2016-01-01,2015.0
1016,Michel Otanez,2016-01-01,2015.0
1015,Jordan Gore,2016-01-01,2015.0
1007,Johan Belisario,2016-01-01,2015.0
997,Erick Leal,2016-01-01,2015.0
1002,Tyler Osik,2016-01-01,2015.0
1003,Matt Pidich,2016-01-01,2015.0
1004,Adrian Rodriguez,2016-01-01,2015.0
1005,Anderson Polanco,2016-01-01,2015.0
1014,Ethan Small,2016-01-01,2015.0
1006,Andrew Lantrip,2016-01-01,2015.0
1008,Will Vest,2016-01-01,2015.0
1009,Devin Conn,2016-01-01,2015.0
1010,Austin Lambright,2016-01-01,2015.0
1011,Joseph Markus,2016-01-01,2015.0
1012,Julian Smith,2016-01-01,2015.0
1013,Aaron Ochsenbein,2016-01-01,2015.0
998,Ben Leeper,2016-01-01,2015.0
1030,Casey Sadler,2015-11-10,2015.0
1031,Lance Lynn,2015-11-10,2015.0
1032,Jaimito Lebron,2015-11-01,2015.0
1033,Shane McClanahan,2015-10-29,2015.0
1034,Mason Hope,2015-10-21,2015.0
1035,Cameron Griffin,2015-10-20,2015.0
1036,Jesse Biddle,2015-10-14,2015.0
1037,Branden Kline,2015-10-08,2015.0
1038,Nate Fisher,2015-10-08,2015.0
1039,Greg Holland,2015-10-02,2015.0
1040,Tyson Perez,2015-09-23,2015.0
1041,Cameron Avila-Leeper,2015-09-16,2015.0
1042,Peter Strzelecki,2015-09-03,2015.0
1043,Aaron Barrett,2015-09-03,2015.0
1044,Paco Rodriguez,2015-09-01,2015.0
1045,Li-Jen Chu,2015-09-01,2015.0
1046,Nathan Kirby,2015-09-01,2015.0
1047,Marcos Molina,2015-09-01,2015.0
1048,Angel Sanchez,2015-09-01,2015.0
1049,Saul De La Cruz,2015-09-01,2015.0
1050,Keaton Aldridge,2015-08-31,2015.0
1051,David Ramos,2015-08-27,2015.0
1052,James Needy,2015-08-24,2015.0
1053,Dylan Dusek,2015-08-19,2015.0
1054,Ricardo Rodriguez,2015-08-12,2015.0
1055,Aaron Bummer,2015-08-11,2015.0
1056,Taylor Williams,2015-08-11,2015.0
1057,Jason Vargas,2015-08-05,2015.0
1058,Walker Buehler,2015-08-05,2015.0
1059,Nate Adcock,2015-08-04,2015.0
1060,Morgan Lofstrom,2015-08-04,2015.0
1061,Hector Garcia,2015-08-04,2015.0
1062,Fernery Ozuna,2015-08-01,2015.0
1063,Brian Hunter,2015-08-01,2015.0
1064,Brusdar Graterol,2015-08-01,2015.0
1065,Blake Taylor,2015-07-31,2015.0
1066,Wesley Rodriguez,2015-07-30,2015.0
1067,Jack Leathersich,2015-07-30,2015.0
1069,Greg Maisto,2015-07-29,2015.0
1068,Matt Trowbridge,2015-07-29,2015.0
2429,Casey Sadler,2015-07-26,2015.0
1070,Jonah Wesely,2015-07-23,2015.0
1071,Chris Betts,2015-07-23,2015.0
1072,Mark Armstrong,2015-07-21,2015.0
1073,Blake Hickman,2015-07-16,2015.0
1074,Josh Goossen-Brown,2015-07-15,2015.0
1075,Michael Smith,2015-07-15,2015.0
1076,Mitch McIntyre,2015-07-15,2015.0
1077,Don Kelly,2015-07-14,2015.0
1080,Nick Christiani,2015-07-01,2015.0
1083,Jacob Taylor,2015-07-01,2015.0
1079,Shane Combs,2015-07-01,2015.0
1078,Pavin Smith,2015-07-01,2015.0
1082,Sergio Santos,2015-07-01,2015.0
1081,Glenn Sparkman,2015-07-01,2015.0
1084,Marcus Greene,2015-06-29,2015.0
1085,Nick Vander Tuig,2015-06-24,2015.0
1086,Keegan Thompson,2015-06-23,2015.0
1087,Jace Fry,2015-06-18,2015.0
1088,Grant Hockin,2015-06-17,2015.0
1089,Jordan Dunatov,2015-06-17,2015.0
1090,Tyler Brown,2015-06-17,2015.0
1091,Marc Magliaro,2015-06-16,2015.0
1092,Eduardo Vera,2015-06-16,2015.0
1093,Brandon Workman,2015-06-15,2015.0
1094,Joe Harvey,2015-06-12,2015.0
1095,Riley Thompson,2015-06-09,2015.0
1097,Kent Emanuel,2015-06-03,2015.0
1096,Zeke McGranahan,2015-06-03,2015.0
1099,Kevin Krause,2015-06-02,2015.0
1098,Cody Morris,2015-06-02,2015.0
1100,Yomar Morel,2015-06-01,2015.0
1101,Bryan Hoeing,2015-06-01,2015.0
1102,Delvin Hiciano,2015-06-01,2015.0
1103,Walker Weickel,2015-06-01,2015.0
1104,Yosmer Leal,2015-05-28,2015.0
1105,Justin Garza,2015-05-27,2015.0
1106,Nick Kingham,2015-05-27,2015.0
1107,James Bourque,2015-05-22,2015.0
1108,Dylan Baker,2015-05-20,2015.0
1109,Kenny Mathews,2015-05-20,2015.0
1110,Chase Whitley,2015-05-19,2015.0
1111,Victor Diaz,2015-05-15,2015.0
1112,Alex Cobb,2015-05-14,2015.0
1114,Ramire Cleto,2015-05-12,2015.0
1113,Daniel Missaki,2015-05-12,2015.0
1115,Matt Magill,2015-05-08,2015.0
1116,Homer Bailey,2015-05-08,2015.0
1117,Adam Ottavino,2015-05-07,2015.0
1118,Davis Ward,2015-05-07,2015.0
2430,Alex Cobb,2015-05-06,2015.0
1119,Anthony Castro,2015-05-06,2015.0
1120,Domingo Tapia,2015-05-05,2015.0
1121,Derek Casey,2015-05-01,2015.0
1122,Donald Lutz,2015-05-01,2015.0
1123,Reid Redman,2015-05-01,2015.0
1124,Austin DeCarr,2015-05-01,2015.0
1125,Brandon McCarthy,2015-04-30,2015.0
1126,Joe Nathan,2015-04-29,2015.0
1127,Justin Topa,2015-04-29,2015.0
1128,Brady Feigl,2015-04-21,2015.0
2431,Brandon Workman,2015-04-15,2015.0
1130,Lisalverto Bonilla,2015-04-15,2015.0
1129,Jake Sweaney,2015-04-15,2015.0
1131,Reilly Hovis,2015-04-14,2015.0
1132,Mike Matuella,2015-04-14,2015.0
1133,Lewis Thorpe,2015-04-10,2015.0
1134,Jose Pena,2015-04-09,2015.0
1135,Jesse Beal,2015-04-08,2015.0
1136,Aaron Crow,2015-04-08,2015.0
1137,B.J. Hermsen,2015-04-08,2015.0
1138,Mario Hollands,2015-04-08,2015.0
1139,Burch Smith,2015-04-07,2015.0
1140,James Carter,2015-04-06,2015.0
1141,Jacob Webb,2015-04-02,2015.0
1142,Christian Vazquez,2015-04-02,2015.0
1143,Drew Anderson,2015-04-02,2015.0
1144,Matt Brill,2015-04-01,2015.0
1145,Jose Rosario,2015-04-01,2015.0
1146,Orlando Razo,2015-04-01,2015.0
1147,Wil Crowe,2015-04-01,2015.0
1149,Ty Hensley,2015-03-31,2014.0
1150,Jordan Romano,2015-03-31,2014.0
1148,Domingo German,2015-03-31,2014.0
1154,Bryce Beeler,2015-03-25,2014.0
1153,Zack Wheeler,2015-03-25,2014.0
1151,Will Remillard,2015-03-25,2014.0
1152,Brady Aiken,2015-03-25,2014.0
1155,A.J. Minter,2015-03-20,2014.0
1156,Cal Quantrill,2015-03-20,2014.0
1158,Mason Thompson,2015-03-18,2014.0
1157,Joel Hanrahan,2015-03-18,2014.0
1159,Josh Edgin,2015-03-17,2014.0
1160,Yu Darvish,2015-03-17,2014.0
1161,Nick Sabo,2015-03-14,2014.0
1162,Tim Collins,2015-03-11,2014.0
1163,Brandon Cumpton ,2015-03-10,2014.0
1164,Sean Johnson,2015-03-03,2014.0
1165,Robby Sexton,2015-03-01,2014.0
1166,Aaron Fossas,2015-03-01,2014.0
1167,Kyle Smith,2015-03-01,2014.0
1168,Bailey Ober,2015-03-01,2014.0
1169,Shae Simmons,2015-02-12,2014.0
1170,Onas Farfan,2015-02-11,2014.0
1171,Andrew McDonald,2015-02-01,2014.0
1172,Carlos Aponte,2015-02-01,2014.0
1173,Derick Velazquez,2015-01-14,2014.0
1174,Christian Taugner,2015-01-09,2014.0
1185,Matt Wynne,2015-01-01,2014.0
1193,Yerry De Los Santos,2015-01-01,2014.0
1192,Angel Vasquez,2015-01-01,2014.0
1191,Beau Sulser,2015-01-01,2014.0
1190,Reza Aleaziz,2015-01-01,2014.0
1189,Cesar Araujo,2015-01-01,2014.0
1188,Ryan Etsell,2015-01-01,2014.0
1187,Sam Lewis,2015-01-01,2014.0
1186,Andres Machado,2015-01-01,2014.0
1176,Tyler Poulin,2015-01-01,2014.0
1184,J.P. France,2015-01-01,2014.0
1183,Zac Reininger,2015-01-01,2014.0
1182,Eduardo Sanchez,2015-01-01,2014.0
1181,Nick Bush,2015-01-01,2014.0
1180,Cole Sulser,2015-01-01,2014.0
1179,Jacob Steffens,2015-01-01,2014.0
1178,Brian Van Belle,2015-01-01,2014.0
1177,Jacob Dahlstrand,2015-01-01,2014.0
1175,Casey Kulina,2015-01-01,2014.0
1195,Caleb Simpson,2015-01-01,2014.0
1194,Reid Morgan,2015-01-01,2014.0
1197,Nicholas Sawyer,2015-01-01,2014.0
1200,Lucas Knowles,2015-01-01,2014.0
1198,Nicholas Padilla,2015-01-01,2014.0
1196,Eric Lex,2015-01-01,2014.0
1199,Greg Williams,2015-01-01,2014.0
1201,Matt Lloyd,2014-12-05,2014.0
1202,Jason Bilous,2014-11-01,2014.0
1203,Garrett Gould,2014-11-01,2014.0
1204,Morgan Cooper,2014-11-01,2014.0
1205,Mason Melotakis,2014-10-14,2014.0
1206,Jeremy Hefner,2014-10-09,2014.0
1207,Joan De La Cruz,2014-10-01,2014.0
1208,Jeff Ibarra,2014-09-24,2014.0
1209,Mark Clark,2014-09-24,2014.0
1210,Jonny Venters,2014-09-17,2014.0
1211,Matt Whitehouse,2014-09-01,2014.0
1212,Matt DeRosier,2014-08-28,2014.0
1213,Chris Clarke,2014-08-26,2014.0
1214,Johnny Magliozzi,2014-08-21,2014.0
1215,Max Fried,2014-08-20,2014.0
1216,Neil Wagner,2014-08-19,2014.0
1217,Tyler Saladino,2014-08-14,2014.0
1218,Tyler Skaggs,2014-08-13,2014.0
2432,Tyler Thornburg,2014-08-01,2014.0
1220,Ramon Morla,2014-08-01,2014.0
1221,Mikey York,2014-08-01,2014.0
1219,Adrian Grullon,2014-08-01,2014.0
1222,Dillon Peters,2014-07-31,2014.0
1225,Marvin Gorgas,2014-07-30,2014.0
1224,Steven Inch,2014-07-30,2014.0
1223,Stephen Fife,2014-07-30,2014.0
1226,Nate Jones,2014-07-29,2014.0
1227,Hector Hernandez,2014-07-25,2014.0
1228,Tyler Chatwood,2014-07-23,2014.0
1229,Dylan Cease,2014-07-22,2014.0
1230,Dustin Houle,2014-07-22,2014.0
1231,Trevor Bell,2014-07-16,2014.0
1232,Bronson Arroyo,2014-07-15,2014.0
1233,Tom Robson,2014-07-15,2014.0
2433,Masahiro Tanaka,2014-07-14,2014.0
1234,Kyle Keith,2014-07-09,2014.0
1235,Sam Demel,2014-07-03,2014.0
1240,Fernando Romero,2014-07-01,2014.0
1236,Ben Leeper,2014-07-01,2014.0
1237,Daniel Winkler,2014-07-01,2014.0
1238,Jacob Bosiokovic,2014-07-01,2014.0
1239,Endrys Briceno,2014-07-01,2014.0
1241,Chris Flexen,2014-07-01,2014.0
1242,Josh Pennington,2014-06-24,2014.0
1243,Derek Law,2014-06-24,2014.0
1244,Tyler Higgins,2014-06-19,2014.0
1247,Jeff Walters,2014-06-17,2014.0
1246,Daniel Moskos,2014-06-17,2014.0
1245,Matt Wieters,2014-06-17,2014.0
1248,Ryan Brasier,2014-06-10,2014.0
1249,Eduardo Jimenez,2014-06-09,2014.0
1250,Jared Ruxer,2014-06-05,2014.0
1251,Sean Burnett,2014-06-05,2014.0
1252,Duke Welker,2014-06-05,2014.0
1253,Chris Withrow,2014-06-03,2014.0
1254,Erick Fedde,2014-06-03,2014.0
1256,Heath Holder,2014-06-01,2014.0
1257,Dietrich Enns,2014-06-01,2014.0
1255,Colin Poche,2014-06-01,2014.0
2434,Jonny Venters,2014-06-01,2014.0
1258,Caleb Ferguson,2014-05-30,2014.0
1259,Matt Purke,2014-05-29,2014.0
1260,Brad Renner,2014-05-28,2014.0
1261,Jose Cisnero,2014-05-28,2014.0
1262,Randy Rosario,2014-05-28,2014.0
1263,Keith Butler,2014-05-28,2014.0
1264,Scott McGough,2014-05-27,2014.0
1265,Clinton Hollon,2014-05-27,2014.0
1266,Anthony Fernandez,2014-05-22,2014.0
1267,Chad Jones,2014-05-20,2014.0
1268,Martin Perez,2014-05-19,2014.0
1269,Jose Fernandez,2014-05-16,2014.0
1270,Raul Alcantara,2014-05-14,2014.0
1271,Jeff Hoffman,2014-05-14,2014.0
1272,Tyler Bashlor,2014-05-13,2014.0
1273,Danny Rosenbaum,2014-05-08,2014.0
1274,James Marvel,2014-05-07,2014.0
1275,Matt Reistetter,2014-05-07,2014.0
1276,Brad Kuntz,2014-05-06,2014.0
1277,Pete Kelich,2014-05-01,2014.0
2435,Tom Robson,2014-05-01,2014.0
1278,A.J. Griffin,2014-04-30,2014.0
1279,Pedro Figueroa,2014-04-30,2014.0
1280,Johnny Hellweg,2014-04-29,2014.0
1281,Ivan Nova,2014-04-29,2014.0
1282,Mac Williamson,2014-04-29,2014.0
1283,Vicente Campos,2014-04-25,2014.0
1285,Josh Johnson,2014-04-24,2014.0
1284,Ben Smith,2014-04-24,2014.0
1286,Junior Morillo,2014-04-22,2014.0
1287,Matt Krook,2014-04-22,2014.0
1288,Matt Moore,2014-04-22,2014.0
1289,Cory Gearrin,2014-04-16,2014.0
1290,Brian Moran,2014-04-15,2014.0
1291,Braden Webb,2014-04-11,2014.0
1292,Wes Benjamin,2014-04-10,2014.0
1293,Jameson Taillon,2014-04-09,2014.0
1294,Bobby Parnell,2014-04-08,2014.0
1296,Erik Davis,2014-04-02,2014.0
1295,Ross Stripling,2014-04-02,2014.0
1298,Peter Moylan,2014-04-01,2014.0
1299,Mason Hope,2014-04-01,2014.0
1300,Corey Williams,2014-04-01,2014.0
1297,Kyle Hart,2014-04-01,2014.0
1301,Jeff Burke,2014-04-01,2014.0
1302,Nick McBride,2014-04-01,2014.0
1303,Robert Calvano,2014-03-31,2013.0
1304,Bruce Rondon,2014-03-29,2013.0
1305,Connor Sadzeck,2014-03-26,2013.0
1306,Patrick Corbin,2014-03-25,2013.0
1307,David Hernandez,2014-03-24,2013.0
1308,Jarrod Parker,2014-03-24,2013.0
1309,Brandon Beachy,2014-03-21,2013.0
1310,Clay Holmes,2014-03-19,2013.0
1311,Jace Chancellor,2014-03-19,2013.0
1313,Luke Hochevar,2014-03-18,2013.0
1312,Kris Medlen,2014-03-18,2013.0
1314,Miguel Sano,2014-03-12,2013.0
1315,Jordan Stephens,2014-03-06,2013.0
1316,Jacob Bray,2014-03-01,2013.0
1318,Scott Moss,2014-03-01,2013.0
1317,Barret Loux,2014-03-01,2013.0
1319,Derek DeYoung,2014-03-01,2013.0
1320,Keaton Siomkin,2014-03-01,2013.0
1321,Cory Luebke,2014-02-18,2013.0
1322,Colton Turner,2014-02-04,2013.0
1323,Cole Irvin,2014-02-03,2013.0
1324,Joe Rogers,2014-02-01,2013.0
1350,Sean Murphy,2014-01-01,2013.0
1343,Ramon Rodriguez,2014-01-01,2013.0
1344,Eric Eadington,2014-01-01,2013.0
1345,Red Patterson,2014-01-01,2013.0
1346,Justin Bruihl,2014-01-01,2013.0
1347,Thomas Rowan,2014-01-01,2013.0
1348,Tyler Stirewalt,2014-01-01,2013.0
1349,Mitch Ragan,2014-01-01,2013.0
1353,Art Warren,2014-01-01,2013.0
1351,Trevor Bettencourt,2014-01-01,2013.0
1352,Ivan Cespedes,2014-01-01,2013.0
1341,Jason Alexander,2014-01-01,2013.0
1354,Javier Herrera,2014-01-01,2013.0
1355,Tyler Melling,2014-01-01,2013.0
1356,Justin Watts,2014-01-01,2013.0
2436,Burch Smith,2014-01-01,2013.0
1342,Delfo Terrero,2014-01-01,2013.0
1338,Sebastian Kessay,2014-01-01,2013.0
1340,Cole McDonald,2014-01-01,2013.0
1331,Anthony Prieto,2014-01-01,2013.0
1325,Jose Martinez,2014-01-01,2013.0
1326,Matt Mercer,2014-01-01,2013.0
1327,Brandon Young,2014-01-01,2013.0
1328,Austin Reed,2014-01-01,2013.0
1329,Walker Powell,2014-01-01,2013.0
1330,Erling Moreno,2014-01-01,2013.0
1332,Simon Castro,2014-01-01,2013.0
1339,Jonas Dufek,2014-01-01,2013.0
1333,Zach Remillard,2014-01-01,2013.0
1334,Jose Lopez,2014-01-01,2013.0
1335,Bren Spillane,2014-01-01,2013.0
1336,Matt Crouse,2014-01-01,2013.0
1337,Kyle Dowdy,2014-01-01,2013.0
1357,Zach Jackson,2014-01-01,2013.0
1358,Pablo Lopez,2013-11-11,2013.0
1359,Jeff Johnson,2013-11-01,2013.0
1360,Mitch White,2013-11-01,2013.0
1361,Matt Harvey,2013-10-22,2013.0
1362,Tyler Nevin,2013-10-18,2013.0
1363,Dustin Hurlbutt,2013-10-08,2013.0
1364,Andrew Knapp,2013-10-04,2013.0
1366,Raudel Lazo,2013-10-01,2013.0
1365,Colin Rodgers,2013-10-01,2013.0
1367,Matt Reynolds,2013-09-24,2013.0
1368,Rafael Betancourt,2013-09-17,2013.0
1369,J.T. Chargois,2013-09-17,2013.0
1370,Josh Mueller,2013-09-11,2013.0
1371,Brooks Pounders,2013-09-11,2013.0
1372,Gabe Speier,2013-09-01,2013.0
1373,Jeremy Hefner,2013-08-28,2013.0
1377,Brandon Brennan,2013-08-01,2013.0
1380,Tom Stuifbergen,2013-08-01,2013.0
1379,Austin Wood,2013-08-01,2013.0
1378,Pat Misch,2013-08-01,2013.0
1376,Bobby Bundy,2013-08-01,2013.0
1375,Andy Loomis,2013-08-01,2013.0
1374,Luis Merejo,2013-08-01,2013.0
1381,Alec Mills,2013-07-31,2013.0
1382,Jason Marquis,2013-07-30,2013.0
1383,Roberto Osuna,2013-07-30,2013.0
1384,Taylor Guerrieri,2013-07-24,2013.0
1385,David Paulino,2013-07-20,2013.0
1386,Stephen Bruno,2013-07-18,2013.0
1387,Matt Strahm,2013-07-11,2013.0
1388,Kyle McPherson,2013-07-10,2013.0
1389,Tim Saunders,2013-07-01,2013.0
1390,Andrew Simunic,2013-07-01,2013.0
1391,Dillon Overton,2013-07-01,2013.0
1392,Yoel Mecias,2013-07-01,2013.0
1393,Jason Garcia,2013-06-30,2013.0
1394,Dylan Bundy,2013-06-27,2013.0
1395,James Naile,2013-06-27,2013.0
1396,Alfredo Silverio,2013-06-26,2013.0
1397,Jordan Norberto,2013-06-20,2013.0
1398,Daniel Hudson,2013-06-18,2013.0
1399,Shane Loux,2013-06-12,2013.0
1400,Kyuji Fujikawa,2013-06-11,2013.0
1401,Luis Mateo,2013-06-11,2013.0
1402,Scott Elbert,2013-06-07,2013.0
1403,Collin Balester,2013-06-03,2013.0
1404,Bryan Brickhouse,2013-06-01,2013.0
1405,Trey Nielsen,2013-06-01,2013.0
1406,Hunter Strickland,2013-05-25,2013.0
1407,Jeff Degano,2013-05-23,2013.0
1408,Eric O'Flaherty,2013-05-21,2013.0
1409,Matt Lane,2013-05-21,2013.0
1412,Jose Barraza,2013-05-16,2013.0
1411,Joel Hanrahan,2013-05-16,2013.0
1410,Jonny Venters,2013-05-16,2013.0
1413,Gavin Floyd,2013-05-08,2013.0
1414,Stephen Tromblee,2013-05-08,2013.0
1415,Quintin Torres-Costa,2013-05-06,2013.0
1416,Jason Motte,2013-05-06,2013.0
1417,Ty Morrison,2013-05-04,2013.0
1422,Gabe Encinas ,2013-05-01,2013.0
1426,Trevor Megill,2013-05-01,2013.0
1425,Jeff Inman,2013-05-01,2013.0
1424,David Whitehead,2013-05-01,2013.0
1423,Kyle Higashioka,2013-05-01,2013.0
1418,Ryan McNeil,2013-05-01,2013.0
1421,Seth Harvey,2013-05-01,2013.0
1420,Drew Steckenrider,2013-05-01,2013.0
1419,Garrett Bolt,2013-05-01,2013.0
1427,John Ely,2013-04-24,2013.0
1428,Chad Billingsley,2013-04-24,2013.0
1429,Matt Skole,2013-04-17,2013.0
1430,Nick Goody,2013-04-16,2013.0
1431,Alex White,2013-04-11,2013.0
1432,Jordan Sheffield,2013-04-11,2013.0
1433,Bryce Montes de Oca,2013-04-11,2013.0
1434,Juniel Querecuto,2013-04-05,2013.0
1435,Chad Bell,2013-04-03,2013.0
1436,Casey Kelly,2013-04-02,2013.0
2437,Jonny Venters,2013-04-02,2013.0
1437,Jesse Stallings,2013-04-01,2013.0
1438,Jake Kalish,2013-04-01,2013.0
1439,Josh Rogers,2013-04-01,2013.0
1440,Ryan Borucki,2013-03-30,2012.0
1441,Fernando Rodriguez,2013-03-27,2012.0
1442,Brandon Sisk,2013-03-26,2012.0
1445,Rafael Furcal,2013-03-13,2012.0
1444,Frank Herrmann,2013-03-13,2012.0
1443,Aaron Kurcz,2013-03-13,2012.0
1446,Enrique Zamora,2013-02-27,2012.0
1447,Rymer Liriano ,2013-02-20,2012.0
1462,Ron Marinaccio,2013-01-01,2012.0
1455,Sebastian Elizalde,2013-01-01,2012.0
1463,Kevin Johnson,2013-01-01,2012.0
1464,Rinku Singh,2013-01-01,2012.0
1461,Clark Beeker,2013-01-01,2012.0
1460,Alex Hermeling,2013-01-01,2012.0
1459,Conor Costello,2013-01-01,2012.0
1458,Dakota Mitchell,2013-01-01,2012.0
1457,Blaine Howell,2013-01-01,2012.0
1456,Packy Naughton,2013-01-01,2012.0
1449,Pierce Romero,2013-01-01,2012.0
1454,Lincoln Henzman,2013-01-01,2012.0
1453,Tommy Nance,2013-01-01,2012.0
1452,Ryan Conroy,2013-01-01,2012.0
1451,Trey Keegan,2013-01-01,2012.0
1450,Chase Johnson-Mullins,2013-01-01,2012.0
1469,Spencer Kieboom,2013-01-01,2012.0
1448,Taylor Clarke,2013-01-01,2012.0
1467,Tommy Peterson,2013-01-01,2012.0
1468,Tim Cate,2013-01-01,2012.0
1466,Edgar Arredondo,2013-01-01,2012.0
1465,Reyes Moronta,2013-01-01,2012.0
1471,Shawn Haviland,2012-12-01,2012.0
1470,Caleb Frare,2012-12-01,2012.0
1472,Scott Carroll,2012-11-15,2012.0
1473,Randy Wolf,2012-10-30,2012.0
1474,Matthew Grimes,2012-10-11,2012.0
1475,Manny Banuelos,2012-10-04,2012.0
1476,Austin Schuetzle,2012-10-04,2012.0
1479,John Fasola,2012-10-01,2012.0
1478,Greg Williams,2012-10-01,2012.0
1477,Tim Melville,2012-10-01,2012.0
1480,Joe Broussard,2012-09-21,2012.0
1481,Juan Oviedo,2012-09-06,2012.0
1482,Shao-Ching Chiang,2012-09-05,2012.0
2438,Chad Billingsley,2012-09-01,2012.0
1483,Mitchell Traver,2012-08-31,2012.0
1484,Lucas Giolito,2012-08-31,2012.0
1485,Lester Oliveros,2012-08-30,2012.0
1486,Carl Crawford,2012-08-23,2012.0
1487,Josh Tomlin,2012-08-22,2012.0
1488,Matt West,2012-08-22,2012.0
1489,Drew Hutchison,2012-08-09,2012.0
1490,Alex Wimmers,2012-08-02,2012.0
1494,David Perez,2012-08-01,2012.0
1495,Neftali Feliz,2012-08-01,2012.0
1493,John Curtiss,2012-08-01,2012.0
1492,Michael Clevinger,2012-08-01,2012.0
1491,Artie Lewicki,2012-08-01,2012.0
1496,Joe Wieland,2012-07-27,2012.0
1497,Eric Surkamp,2012-07-24,2012.0
1498,Brandon Bailey,2012-07-23,2012.0
1499,Todd Coffey,2012-07-18,2012.0
1500,Matt Maloney,2012-07-17,2012.0
1501,Luis Perez,2012-07-17,2012.0
1503,Kevin Taylor,2012-07-13,2012.0
1502,Andrew McKirahan,2012-07-13,2012.0
1505,Steven Moya,2012-07-09,2012.0
1504,Daniel Hudson,2012-07-09,2012.0
1506,Reid Humphreys,2012-07-03,2012.0
1507,Felipe Paulino,2012-07-03,2012.0
1511,Jarret Leverett,2012-07-01,2012.0
1508,Chang-Yong Lim,2012-07-01,2012.0
1509,Greg Billo,2012-07-01,2012.0
1510,Jeff Brigham,2012-07-01,2012.0
1512,Patrick Murphy,2012-07-01,2012.0
1513,Brigham Hill,2012-06-22,2012.0
1514,Robert Fish,2012-06-21,2012.0
1515,Brandon Beachy,2012-06-21,2012.0
1516,Jose Contreras,2012-06-20,2012.0
1518,David Herndon,2012-06-19,2012.0
1519,Kyle Drabek,2012-06-19,2012.0
1517,Andrew Carignan,2012-06-19,2012.0
1520,Charlie Morton,2012-06-14,2012.0
1521,Danny Duffy,2012-06-13,2012.0
1522,Ryan Beckman,2012-06-12,2012.0
1523,Nate Griep,2012-06-06,2012.0
1524,Juan Oramas,2012-06-05,2012.0
1528,Scott Barlow,2012-06-01,2012.0
1532,R.C. Orlan,2012-06-01,2012.0
1531,Grayson Garvin,2012-06-01,2012.0
1530,Xavier Macklin,2012-06-01,2012.0
1529,Mitch Conner,2012-06-01,2012.0
1527,Fu-Te Ni,2012-06-01,2012.0
1526,Jace Fry,2012-06-01,2012.0
1525,Marcos Mateo,2012-06-01,2012.0
1533,Blake Wood,2012-05-25,2012.0
1534,Cory Luebke,2012-05-23,2012.0
1535,Josh Conway,2012-05-15,2012.0
1536,Tsuyoshi Wada,2012-05-11,2012.0
1537,Austin Ross,2012-05-10,2012.0
1538,Alfredo Silverio,2012-05-09,2012.0
1539,George Sherrill,2012-05-04,2012.0
1541,Cody Scarpetta,2012-05-01,2012.0
1542,Mike Pelfrey,2012-05-01,2012.0
1543,Jordan Ellis,2012-05-01,2012.0
1544,Joe Beimel,2012-05-01,2012.0
1545,A.J. Jimenez,2012-05-01,2012.0
1540,C.C. Lee,2012-05-01,2012.0
1546,Diego Moreno,2012-04-27,2012.0
1547,Jeremy Bonderman,2012-04-24,2012.0
1548,Brian Wilson,2012-04-19,2012.0
1549,Justin Miller,2012-04-18,2012.0
1550,Scott Baker,2012-04-17,2012.0
1551,Michael Kohn,2012-04-12,2012.0
1552,Ryan Madson,2012-04-11,2012.0
1553,Joey Devine,2012-04-10,2012.0
1554,Jose Ceda,2012-04-03,2012.0
1555,Joakim Soria,2012-04-02,2012.0
1556,Jordan Swagerty,2012-04-02,2012.0
2439,Carl Crawford,2012-04-01,2012.0
1562,Ryan Butler,2012-04-01,2012.0
1557,Benino Pruneda,2012-04-01,2012.0
1558,Mason Felt,2012-04-01,2012.0
1559,Jack Armstrong Jr.,2012-04-01,2012.0
1560,Daniel Herrera,2012-04-01,2012.0
1561,Will Kendall,2012-04-01,2012.0
1563,Cole Wiper,2012-04-01,2012.0
1564,Joel Zumaya,2012-03-29,2011.0
1565,Sergio Escalona,2012-03-27,2011.0
1566,Arodys Vizcaino,2012-03-20,2011.0
1567,Dean Deetz,2012-03-09,2011.0
1568,Sammy Solis,2012-03-06,2011.0
1569,Matt Crownover,2012-03-01,2011.0
1583,Mike Franco,2012-01-01,2011.0
1580,Kyle Friedrichs,2012-01-01,2011.0
1581,Bealyn Chourio,2012-01-01,2011.0
1582,Jordan Johnson,2012-01-01,2011.0
1578,Cameron Roegner,2012-01-01,2011.0
1584,Adam Parks,2012-01-01,2011.0
1585,Andrew Lee,2012-01-01,2011.0
1577,Nate Orf,2012-01-01,2011.0
1579,Sean Carley,2012-01-01,2011.0
1575,Matt Jones,2012-01-01,2011.0
1574,Jared Walsh,2012-01-01,2011.0
1573,Blaine Howell,2012-01-01,2011.0
1572,Seby Zavala,2012-01-01,2011.0
1571,Charlie Haeger,2012-01-01,2011.0
1570,Yean Carlos Gil,2012-01-01,2011.0
1576,Trevor Oaks,2012-01-01,2011.0
1586,Jaime Schultz,2011-12-02,2011.0
1587,Ryan Perez,2011-11-27,2011.0
1588,Andrew Rohrbach,2011-11-16,2011.0
1589,John Lackey,2011-11-01,2011.0
1590,Leonel Campos,2011-10-01,2011.0
1591,Carlos Carrasco,2011-09-14,2011.0
1592,Kyle Gibson,2011-09-07,2011.0
1593,Taylor Jordan,2011-09-07,2011.0
1594,Juan Gutierrez,2011-09-06,2011.0
1595,Tony Pena,2011-08-31,2011.0
1596,Zack Cozart,2011-08-12,2011.0
1597,Rubby De La Rosa,2011-08-09,2011.0
1598,Brad Hawpe,2011-08-05,2011.0
1601,Chia-Jen Lo,2011-08-01,2011.0
1603,Kevin Walter,2011-08-01,2011.0
1602,Garrett Bolt,2011-08-01,2011.0
1604,Nick Neumann,2011-08-01,2011.0
1600,Aaron Wilkerson,2011-08-01,2011.0
1599,Jason Hursh,2011-08-01,2011.0
1605,David Aardsma,2011-07-22,2011.0
1606,Carlos Monasterios,2011-07-15,2011.0
1607,Alan Farina,2011-07-15,2011.0
1608,Brett Anderson,2011-07-14,2011.0
1609,Johnny Anderson,2011-07-12,2011.0
1610,Jose Casilla,2011-07-01,2011.0
1611,Conor Mullee,2011-06-28,2011.0
1612,Joba Chamberlain,2011-06-16,2011.0
1613,Daisuke Matsuzaka,2011-06-10,2011.0
1614,Rich Hill,2011-06-09,2011.0
1615,Jorge De La Rosa,2011-06-03,2011.0
1616,John Lamb,2011-06-03,2011.0
1617,Robert Whitenack,2011-06-01,2011.0
1618,Mason Tobin,2011-06-01,2011.0
1619,Drew Naylor,2011-05-31,2011.0
1620,Chad Smith,2011-05-20,2011.0
1621,Jenrry Mejia,2011-05-16,2011.0
1622,Stephen Marek,2011-05-02,2011.0
1623,Cameron Bedrosian,2011-05-01,2011.0
1624,Andrew Chin,2011-05-01,2011.0
1625,Matt Lujan,2011-05-01,2011.0
1626,Scott McGregor,2011-05-01,2011.0
1627,Josh Uhen,2011-04-26,2011.0
1628,Nick Hill,2011-04-07,2011.0
1629,Kane Sweeney,2011-04-05,2011.0
1630,Cole Sulser,2011-04-01,2011.0
1631,Dallas Gallant,2011-04-01,2011.0
1632,Matt Gorgen,2011-03-08,2010.0
1633,Cla Meredith,2011-03-02,2010.0
1634,Daniel Coulombe,2011-03-01,2010.0
1635,Randy LeBlanc,2011-03-01,2010.0
1636,Brad Wieck,2011-03-01,2010.0
1637,Adam Wainwright,2011-02-28,2010.0
1645,Jeff Ferrell,2011-01-01,2010.0
1638,Steve Hathaway,2011-01-01,2010.0
1644,Harrison Musgrave,2011-01-01,2010.0
1640,Adam Lopez,2011-01-01,2010.0
1641,Thomas Royse,2011-01-01,2010.0
1664,A.J. Morris,2011-01-01,2010.0
1663,Zak Wasilewski,2011-01-01,2010.0
1662,Randy Boone,2011-01-01,2010.0
1661,Peter Fairbanks,2011-01-01,2010.0
1660,Adam Choplick,2011-01-01,2010.0
1659,Matt Ramsey,2011-01-01,2010.0
1658,Josh Lucas,2011-01-01,2010.0
1657,Wei-Chung Wang,2011-01-01,2010.0
1656,Justin Topa,2011-01-01,2010.0
1655,Eddie Bonine,2011-01-01,2010.0
1654,Boof Bonser,2011-01-01,2010.0
1653,Christian Morris,2011-01-01,2010.0
1652,Cody Carroll,2011-01-01,2010.0
1651,Corey Black,2011-01-01,2010.0
1650,Giovanny Gallegos,2011-01-01,2010.0
1649,Adam O'Neill,2011-01-01,2010.0
1648,Cameron Booser,2011-01-01,2010.0
1647,Arquimedes Caminero,2011-01-01,2010.0
1646,Carmine Giardina,2011-01-01,2010.0
1665,Koda Glover,2011-01-01,2010.0
1639,Brian Schlitter,2011-01-01,2010.0
1642,Drew Cisco,2011-01-01,2010.0
1643,Scott Oberg,2011-01-01,2010.0
1666,Jamie Moyer,2010-12-01,2010.0
1667,Michael Nolan,2010-11-01,2010.0
1668,Sam Dyson,2010-11-01,2010.0
1669,Scott Gorgen,2010-10-15,2010.0
1670,Justin Maxwell,2010-10-13,2010.0
1671,Jacob deGrom,2010-10-10,2010.0
1673,Wilmer Font,2010-10-01,2010.0
1672,Hector Ambriz,2010-10-01,2010.0
1674,Vincent Velasquez,2010-09-22,2010.0
1675,Evan Reed,2010-09-17,2010.0
1676,Manuel Corpas,2010-09-08,2010.0
1677,John Baker,2010-09-03,2010.0
1678,Stephen Strasburg,2010-09-03,2010.0
1679,Vaughn Covington,2010-09-01,2010.0
1680,Shawn Kelley,2010-09-01,2010.0
1681,Erick Threets,2010-08-28,2010.0
1682,Hector Rondon,2010-08-25,2010.0
1683,Michael Ynoa,2010-08-24,2010.0
1684,Kris Medlen,2010-08-18,2010.0
1685,Ben Sheets,2010-08-10,2010.0
1686,Danny Salazar,2010-08-01,2010.0
1687,Kyle Blanks,2010-07-30,2010.0
1688,Robbie Aviles,2010-07-13,2010.0
1689,Brett Cammons,2010-07-09,2010.0
1692,Tyler Henley,2010-07-01,2010.0
1690,Kaleb Fleck,2010-07-01,2010.0
1691,Brian Pearl,2010-07-01,2010.0
1693,James Parr,2010-06-04,2010.0
1694,Donnie Veal,2010-06-04,2010.0
1695,Dustin Antolin,2010-06-01,2010.0
1696,Zach Miner,2010-05-28,2010.0
1697,Arnold Leon,2010-05-26,2010.0
1698,Chris Coste,2010-05-25,2010.0
1699,Justin Lehr,2010-05-21,2010.0
1700,Steven Matz,2010-05-18,2010.0
1701,Luis Lebron,2010-05-11,2010.0
1702,Layne Somsen,2010-05-01,2010.0
1703,Jack Egbert,2010-04-28,2010.0
1704,Christian Garcia,2010-04-20,2010.0
1705,Mike Nesseth,2010-04-15,2010.0
1706,Adam Choplick,2010-04-12,2010.0
1707,Rob Wooten,2010-04-08,2010.0
1708,Junichi Tazawa,2010-04-06,2010.0
1710,Juan Jaime,2010-04-01,2010.0
1709,Brett Bochy,2010-04-01,2010.0
1711,Trevor Foss,2010-03-31,2009.0
1712,Elliot Morris,2010-03-31,2009.0
1713,Jeff Bianchi,2010-03-30,2009.0
1714,Jon Meloan,2010-03-30,2009.0
1715,Joe Nathan,2010-03-26,2009.0
1716,Sam Freeman,2010-03-10,2009.0
1717,Omar Poveda,2010-03-03,2009.0
1718,Casey Mulholland,2010-03-01,2009.0
1719,Johnny Anderson,2010-03-01,2009.0
1720,Marcus Walden,2010-03-01,2009.0
1721,Jose Arredondo,2010-02-02,2009.0
1737,Ricky Orta,2010-01-01,2009.0
1722,Clay Zavada,2010-01-01,2009.0
1733,Will Fulmer,2010-01-01,2009.0
1745,Jack McGeary,2010-01-01,2009.0
1744,Tomas Telis,2010-01-01,2009.0
1742,Jesse Hahn,2010-01-01,2009.0
1741,Gus Benusa,2010-01-01,2009.0
1740,Josh Osich,2010-01-01,2009.0
1739,Joe Biagini,2010-01-01,2009.0
1738,Jose Valdivia,2010-01-01,2009.0
1736,Ben Bracewell,2010-01-01,2009.0
1735,Pedro Figueroa,2010-01-01,2009.0
1734,Julio Ramos,2010-01-01,2009.0
1743,Andrew Laughter,2010-01-01,2009.0
1732,Matt Bashore,2010-01-01,2009.0
1731,Hunter Jones,2010-01-01,2009.0
1730,Hainley Statia,2010-01-01,2009.0
1729,Alex Luna,2010-01-01,2009.0
1728,Tommy Collier,2010-01-01,2009.0
1727,Michael Morrison,2010-01-01,2009.0
1726,Joseph Colon,2010-01-01,2009.0
1725,Jennell Hudson,2010-01-01,2009.0
1724,Leandro Marin,2010-01-01,2009.0
1723,Brett Cammons,2010-01-01,2009.0
1746,Jarrod Parker,2009-10-28,2009.0
1747,Casey Lambert,2009-09-22,2009.0
1748,Parker Frazier,2009-09-22,2009.0
1750,Jason Isringhausen,2009-09-01,2009.0
1749,Marcus Hatley,2009-09-01,2009.0
1751,Mark Lamm,2009-08-19,2009.0
1752,Jordan Zimmermann,2009-08-19,2009.0
1753,Edinson Volquez,2009-08-03,2009.0
1754,Tim Berry,2009-08-01,2009.0
1755,Beau Wright,2009-08-01,2009.0
1756,Brett Marshall,2009-07-31,2009.0
1757,Adrian Sampson,2009-07-29,2009.0
1758,Ryan Mattheus,2009-07-14,2009.0
1759,Tyler Yates,2009-07-14,2009.0
1760,Will Harris,2009-07-08,2009.0
1761,Mike Aviles,2009-07-07,2009.0
1762,George Kontos,2009-07-07,2009.0
1763,Neal Cotts,2009-07-02,2009.0
1764,Chandler Shepherd,2009-07-01,2009.0
1765,Billy Petrick,2009-07-01,2009.0
1766,Xavier Nady,2009-07-01,2009.0
1767,Henry Barrera,2009-06-30,2009.0
1768,Josh Outman,2009-06-30,2009.0
1769,Shawn Hill,2009-06-30,2009.0
1770,Nolan Gallagher,2009-06-24,2009.0
1771,Taylor Buchholz,2009-06-17,2009.0
1772,Jason Isringhausen,2009-06-16,2009.0
1774,Jesse Litsch,2009-06-12,2009.0
1773,Anthony Reyes,2009-06-12,2009.0
1776,Dan Giese,2009-06-09,2009.0
1775,Andrew Chafin,2009-06-09,2009.0
1777,Duane Below,2009-06-05,2009.0
1778,David Riske,2009-06-02,2009.0
1779,Dallas Beeler,2009-06-01,2009.0
1780,Steve Matre,2009-06-01,2009.0
1781,Kyle Mura,2009-05-25,2009.0
1782,Bill Bray,2009-05-19,2009.0
1784,Jimmy Barthmaier,2009-05-12,2009.0
1783,Scott Proctor,2009-05-12,2009.0
1785,Alfredo Simon,2009-05-05,2009.0
1786,Mason Tobin,2009-04-30,2009.0
1787,Joey Devine,2009-04-21,2009.0
1788,John Ennis,2009-04-19,2009.0
1789,Oscar Villarreal,2009-04-01,2009.0
1790,Nick McCurdy,2009-04-01,2009.0
1791,Cameron Coffey,2009-03-24,2008.0
1792,Mark Worrell,2009-03-20,2008.0
1793,Brae Wright,2009-03-15,2008.0
1794,Miguel Gonzalez,2009-03-08,2008.0
1795,Ryan Feierabend,2009-03-04,2008.0
1796,Todd Jennings,2009-03-03,2008.0
1797,Clayton Shunick,2009-01-02,2008.0
1803,Curt Casali,2009-01-01,2008.0
1808,Daniel Mahoney,2009-01-01,2008.0
1806,Christian Binford,2009-01-01,2008.0
1805,Dayan Diaz,2009-01-01,2008.0
1804,Montreal Robertson,2009-01-01,2008.0
1810,Josh Romanski,2009-01-01,2008.0
1802,James Avery,2009-01-01,2008.0
1801,Kyle Lotzkar,2009-01-01,2008.0
1800,Matt Marksberry,2009-01-01,2008.0
1799,Alex Wood,2009-01-01,2008.0
1798,Josh Ford,2009-01-01,2008.0
1809,Dallas Trahern,2009-01-01,2008.0
1807,Michael Smith,2009-01-01,2008.0
1812,Mitch LeVier,2009-01-01,2008.0
1818,Dan Otero,2009-01-01,2008.0
1822,Adam Liberatore,2009-01-01,2008.0
1821,Albert Suarez,2009-01-01,2008.0
1820,Nick Petree,2009-01-01,2008.0
1819,Nick Vander Tuig,2009-01-01,2008.0
1811,John Holdzkom,2009-01-01,2008.0
1817,Andrew Albers,2009-01-01,2008.0
1816,Will Startup,2009-01-01,2008.0
1815,Chris Wilkes,2009-01-01,2008.0
1814,Elvis Araujo,2009-01-01,2008.0
1813,Zack Sterner,2009-01-01,2008.0
1823,Pat Neshek,2008-11-11,2008.0
1824,Casey Weathers,2008-10-14,2008.0
1825,Shaun Marcum,2008-09-30,2008.0
1826,Drake Britton,2008-09-23,2008.0
1827,Billy Wagner,2008-09-10,2008.0
1828,Jaime Garcia,2008-09-08,2008.0
1829,Michael Olmsted,2008-09-01,2008.0
1830,Mike Parisi,2008-08-20,2008.0
1831,Salvador Aguilar,2008-08-12,2008.0
1832,Tim Hudson,2008-08-08,2008.0
1833,Eric Eadington,2008-08-01,2008.0
1834,Dae-Eun Rhee,2008-07-15,2008.0
1835,Sergio Mitre,2008-07-15,2008.0
1836,Jake McGee,2008-07-08,2008.0
1837,Norris Hopper,2008-07-07,2008.0
1838,Matt Chico,2008-07-03,2008.0
2440,Takashi Saito,2008-07-01,2008.0
1839,Vance Wilson,2008-06-25,2008.0
1840,Gregorio Rosario,2008-06-18,2008.0
1844,Drew VerHagen,2008-06-01,2008.0
1845,Harold Mozingo,2008-06-01,2008.0
1842,Hector Gomez,2008-06-01,2008.0
1841,Jake Westbrook,2008-06-01,2008.0
1843,Charlie Furbush,2008-06-01,2008.0
1846,Fautino De Los Santos,2008-05-28,2008.0
1847,Chris Capuano,2008-05-15,2008.0
1848,Peter Moylan,2008-05-08,2008.0
1849,Shane Greene,2008-05-01,2008.0
1850,Scott Mathieson,2008-05-01,2008.0
1851,A.J. Ramos,2008-04-30,2008.0
1852,Nick Hagadone,2008-04-29,2008.0
1853,Macay McBride,2008-04-12,2008.0
1854,Andy Sisco,2008-04-07,2008.0
1855,Mike Zagurski,2008-04-03,2008.0
1856,Kyle Waldrop,2008-04-01,2008.0
1857,Ray Black,2008-04-01,2008.0
1866,Kevin Chapman,2008-01-01,2007.0
1872,Mark Minicozzi,2008-01-01,2007.0
1871,Dustin Ackley,2008-01-01,2007.0
1870,John Hussey,2008-01-01,2007.0
1869,Colby Shreve,2008-01-01,2007.0
1868,Manny Barreda,2008-01-01,2007.0
1867,Tyler Webb,2008-01-01,2007.0
1864,Cody Allen,2008-01-01,2007.0
1865,Mark McLemore,2008-01-01,2007.0
1863,Travis Webb,2008-01-01,2007.0
1862,Lee Gronkiewicz,2008-01-01,2007.0
1861,Tommy Hottovy,2008-01-01,2007.0
1860,Randy Henry,2008-01-01,2007.0
1859,Yonata Ortega,2008-01-01,2007.0
1858,Josh Ford,2008-01-01,2007.0
1873,Hak-Ju Lee,2008-01-01,2007.0
1874,Greg Wilborn,2007-12-01,2007.0
1875,Casey Crosby,2007-11-27,2007.0
1876,Samuel Deduno,2007-11-23,2007.0
1877,Jake Brigham,2007-11-14,2007.0
1878,Danys Baez,2007-10-26,2007.0
1879,Nick Schmidt,2007-10-07,2007.0
1880,Shin-Soo Choo,2007-09-25,2007.0
1881,Tim Gustafson,2007-09-07,2007.0
1882,Angel Guzman,2007-09-06,2007.0
1883,Brian Ellington,2007-09-01,2007.0
1884,Russ Ortiz,2007-08-29,2007.0
1885,Ambiorix Burgos,2007-08-28,2007.0
1886,Willie Eyre,2007-08-27,2007.0
1887,Andrew Brackman,2007-08-24,2007.0
1888,Rodrigo Lopez,2007-08-22,2007.0
1889,Chris Ray,2007-08-17,2007.0
1890,Brendan Donnelly,2007-08-14,2007.0
1891,Josh Johnson,2007-08-03,2007.0
1892,Daniel Stange,2007-08-01,2007.0
1893,Matt Bush,2007-08-01,2007.0
1894,Kyle Drabek,2007-07-25,2007.0
1895,Chris Carpenter,2007-07-24,2007.0
1896,Tony Sipp,2007-07-10,2007.0
1898,Rafael Dolis,2007-07-06,2007.0
1897,Alex Wilson,2007-07-06,2007.0
1899,Matt Smith,2007-07-04,2007.0
1900,Anthony Lerew,2007-06-19,2007.0
1901,Eric Milton,2007-06-15,2007.0
1902,Vance Wilson,2007-06-13,2007.0
1903,Carl Pavano,2007-06-05,2007.0
1906,Mike Jones,2007-06-01,2007.0
1904,Keith Hessler,2007-06-01,2007.0
1905,Dallas Buck,2007-06-01,2007.0
1907,Michael Gonzalez,2007-05-31,2007.0
1908,Nathan Eovaldi,2007-05-27,2007.0
1909,Cesar Carrillo,2007-05-15,2007.0
1910,Jose Garcia,2007-05-09,2007.0
1911,Tip Fairchild,2007-05-01,2007.0
1912,Matt Hensley,2007-05-01,2007.0
1913,B.J. Ryan,2007-05-01,2007.0
1914,Fernando Nieve,2007-04-28,2007.0
1915,Humberto Sanchez,2007-04-19,2007.0
1917,Brad Lincoln,2007-04-03,2007.0
1916,Chris Denorfia,2007-04-03,2007.0
1918,Navery Moore,2007-04-01,2007.0
1919,Arthur Rhodes,2007-03-31,2006.0
1920,Edward Campusano,2007-03-27,2006.0
1921,Thomas Diamond,2007-03-18,2006.0
1922,Josh Kinney,2007-03-13,2006.0
1923,Adam Bernero,2007-03-01,2006.0
1924,Carlos Gutierrez,2007-03-01,2006.0
1941,Hayden Hurst,2007-01-01,2006.0
1932,P.J. Finigan,2007-01-01,2006.0
1938,Ryota Igarashi,2007-01-01,2006.0
1937,Wily Peralta,2007-01-01,2006.0
1936,Brian Akin,2007-01-01,2006.0
1935,Jumbo Diaz,2007-01-01,2006.0
1934,Andrew Triggs,2007-01-01,2006.0
1933,Eli Iorg,2007-01-01,2006.0
1929,Tyler Sturdevant,2007-01-01,2006.0
1931,Denny Stark,2007-01-01,2006.0
1930,Ethan Katz,2007-01-01,2006.0
1928,Josh Smith,2007-01-01,2006.0
1927,Caleb Clay,2007-01-01,2006.0
1926,Paul Bush,2007-01-01,2006.0
1925,Lee Hyde,2007-01-01,2006.0
1939,Erik Goeddel,2007-01-01,2006.0
1940,Hector Noesi,2007-01-01,2006.0
1942,Kenn Kasparek,2007-01-01,2006.0
1943,Matt Carpenter,2007-01-01,2006.0
1944,John Bannister,2007-01-01,2006.0
1945,Bruce Chen,2007-01-01,2006.0
1946,Erik Cordier,2006-12-01,2006.0
1947,Francisco Liriano,2006-11-06,2006.0
1948,Mark Melancon,2006-10-31,2006.0
1949,Scott Mathieson,2006-09-29,2006.0
1950,Bryan Morris,2006-09-28,2006.0
1951,Merkin Valdez,2006-09-27,2006.0
1952,Mike Lincoln,2006-09-24,2006.0
1953,Eddie Guardado,2006-09-08,2006.0
1954,Brandon Backe,2006-09-07,2006.0
1955,Paul Raglione,2006-09-01,2006.0
1956,Logan Kensing,2006-08-31,2006.0
1957,Luis Atilano,2006-08-12,2006.0
1958,Jose Guillen,2006-07-25,2006.0
1959,Vinnie Pestano,2006-07-21,2006.0
1960,Brian Anderson,2006-07-14,2006.0
1962,Tyler Walker,2006-07-06,2006.0
1961,Carlos Martinez,2006-07-06,2006.0
1964,Brian Ward,2006-07-01,2006.0
1965,Eric Berger,2006-07-01,2006.0
1963,Carlos Almanzar,2006-07-01,2006.0
1966,Julio Santana,2006-06-28,2006.0
1967,Shawn Estes,2006-06-07,2006.0
1968,John Foster,2006-06-02,2006.0
1969,Kelly Johnson,2006-06-01,2006.0
1970,Victor Zambrano,2006-05-15,2006.0
1971,Ricardo Rincon,2006-05-12,2006.0
1972,Steve Stemle,2006-05-03,2006.0
1973,Eddie Gamboa,2006-05-01,2006.0
1974,Yhency Brazoban,2006-04-19,2006.0
1975,Luis Ayala,2006-03-30,2005.0
1976,Juan Padilla,2006-03-14,2005.0
1977,Shawn Tolleson,2006-03-01,2005.0
1978,Trey Lunsford,2006-03-01,2005.0
1980,Wei-Yin Chen,2006-01-01,2005.0
1982,Kirby Yates,2006-01-01,2005.0
1981,Jin-ho Cho,2006-01-01,2005.0
1986,Denny Stark,2006-01-01,2005.0
1979,Daniel Schlereth,2006-01-01,2005.0
1984,Kris Honel,2006-01-01,2005.0
1985,Frank Viola III,2006-01-01,2005.0
1983,Leandro Marin,2006-01-01,2005.0
1997,Cristian Santana,2006-01-01,2005.0
1992,Javier Herrera,2006-01-01,2005.0
1999,Vince Perkins,2006-01-01,2005.0
1998,Matt Nevarez,2006-01-01,2005.0
1996,Alec Asher,2006-01-01,2005.0
1995,Lance Pendleton,2006-01-01,2005.0
1993,John Gast,2006-01-01,2005.0
1994,Drew Bigda,2006-01-01,2005.0
1991,Christian Garcia,2006-01-01,2005.0
1990,Jeff Bennett,2006-01-01,2005.0
1989,Adalberto Flores,2006-01-01,2005.0
1988,Tyler Chatwood,2006-01-01,2005.0
1987,Tyler Sample,2006-01-01,2005.0
2000,Dusty Hughes,2005-12-01,2005.0
2001,Taylor Teagarden,2005-11-29,2005.0
2002,Al Reyes,2005-10-18,2005.0
2003,Mike Hampton,2005-09-26,2005.0
2004,Cesar Izturis,2005-09-16,2005.0
2005,Jorge Campillo,2005-08-23,2005.0
2006,Tim Spooneybarger,2005-08-01,2005.0
2007,Erubiel Durazo,2005-07-22,2005.0
2008,Kyle McClellan,2005-07-22,2005.0
2009,Brian Anderson,2005-07-21,2005.0
2010,Philip Humber,2005-07-20,2005.0
2011,J.D. Martin,2005-07-18,2005.0
2012,John Parrish,2005-07-15,2005.0
2013,Derek Thompson,2005-07-01,2005.0
2014,Randy Wolf,2005-07-01,2005.0
2015,Matt Riley,2005-07-01,2005.0
2016,Ben Davis,2005-06-28,2005.0
2017,T.J. Tucker,2005-06-28,2005.0
2018,Anthony Varvaro,2005-06-27,2005.0
2019,Kyle Sleeth,2005-06-09,2005.0
2020,Octavio Dotel,2005-06-06,2005.0
2021,Bobby Korecky,2005-06-05,2005.0
2022,Ryan Bukvich,2005-05-16,2005.0
2023,Grant Balfour,2005-05-13,2005.0
2024,Carlos Almanzar,2005-05-11,2005.0
2025,Andrew Bailey,2005-05-05,2005.0
2026,Frank Francisco,2005-04-29,2005.0
2028,Tony Alvarez,2005-04-01,2005.0
2027,Kris Johnson,2005-04-01,2005.0
2029,Francis Beltran,2005-03-11,2004.0
2039,Craig Tatum,2005-01-01,2004.0
2043,Javy Guerra,2005-01-01,2004.0
2042,Michael Hacker,2005-01-01,2004.0
2044,Ryan Ketchner,2005-01-01,2004.0
2045,Rick VandenHurk,2005-01-01,2004.0
2046,Ronald Belisario,2005-01-01,2004.0
2047,Chris Saenz,2005-01-01,2004.0
2048,Frank Mata,2005-01-01,2004.0
2049,Harrison Bishop,2005-01-01,2004.0
2050,Wade Townsend,2005-01-01,2004.0
2051,Nick DeBarr,2005-01-01,2004.0
2052,Rocco Baldelli,2005-01-01,2004.0
2053,Craig Gentry,2005-01-01,2004.0
2054,Derek Tate,2005-01-01,2004.0
2041,Luke Putkonen,2005-01-01,2004.0
2038,Paul Janish,2005-01-01,2004.0
2040,Randor Bierd,2005-01-01,2004.0
2030,Jonny Venters,2005-01-01,2004.0
2031,Jason Berken,2005-01-01,2004.0
2032,Phil Seibel,2005-01-01,2004.0
2033,Miguel Socolovich,2005-01-01,2004.0
2034,Rocky Cherry,2005-01-01,2004.0
2035,Al Alburquerque,2005-01-01,2004.0
2036,Chang-Yong Lim,2005-01-01,2004.0
2037,Trace Coquillette,2005-01-01,2004.0
2055,Ray Olmedo,2004-11-09,2004.0
2056,Scott Williamson,2004-10-30,2004.0
2057,Jason Grimsley,2004-10-13,2004.0
2058,Sean Burnett,2004-09-22,2004.0
2059,Shawn Hill,2004-09-08,2004.0
2060,Clint Everts,2004-09-05,2004.0
2061,Shane Loux,2004-09-01,2004.0
2062,Rafael Soriano,2004-08-17,2004.0
2063,Luis Gonzalez,2004-08-01,2004.0
2064,Jason Stanford,2004-07-29,2004.0
2065,Jim Hoey,2004-07-20,2004.0
2066,Mike Lincoln,2004-07-13,2004.0
2067,Jay Powell,2004-07-08,2004.0
2068,Shane Komine,2004-07-01,2004.0
2069,Jerrod Riggan,2004-06-29,2004.0
2070,Nick Adenhart,2004-06-17,2004.0
2071,Jason Shiell,2004-05-24,2004.0
2072,Dustin McGowan,2004-05-14,2004.0
2073,Aaron Looper,2004-05-01,2004.0
2074,Hyun-Jin Ryu,2004-04-30,2004.0
2075,Fernando Rodney,2004-04-29,2004.0
2076,Jorge De Paula,2004-04-22,2004.0
2077,Pedro Beato,2004-04-01,2004.0
2078,Brian Duensing,2004-03-31,2003.0
2079,Miguel Asencio,2004-03-29,2003.0
2080,Cory Sullivan,2004-03-15,2003.0
2081,Corwin Malone,2004-03-07,2003.0
2082,Chris Spurling,2004-03-04,2003.0
2091,Joe Torres,2004-01-01,2003.0
2098,Jeff Manship,2004-01-01,2003.0
2097,Angel Garcia,2004-01-01,2003.0
2096,Zach Braddock,2004-01-01,2003.0
2095,Lincoln Holdzkom,2004-01-01,2003.0
2094,Tim Wood,2004-01-01,2003.0
2093,Arismendy Castillo,2004-01-01,2003.0
2092,Mike Megrew,2004-01-01,2003.0
2087,Phil Dumatrait,2004-01-01,2003.0
2090,Preston Larrison,2004-01-01,2003.0
2089,Mark Rodrigues,2004-01-01,2003.0
2088,Brett Gray,2004-01-01,2003.0
2101,Kevin Ohme,2004-01-01,2003.0
2086,Billy Simon,2004-01-01,2003.0
2085,Jo-Jo Reyes,2004-01-01,2003.0
2084,Scott Maine,2004-01-01,2003.0
2083,Dustin Nippert,2004-01-01,2003.0
2099,Dustin Molleken,2004-01-01,2003.0
2100,Brandon Gomes,2004-01-01,2003.0
2102,John Axford,2003-11-05,2003.0
2103,Mike Fetters,2003-10-08,2003.0
2104,Tony Womack,2003-10-06,2003.0
2105,Zack Segovia,2003-10-01,2003.0
2106,Billy Traber,2003-09-21,2003.0
2107,Jesse Foppert,2003-09-16,2003.0
2108,Joe Mays,2003-09-11,2003.0
2109,Tim Spooneybarger,2003-09-09,2003.0
2110,Runelvys Hernandez,2003-09-05,2003.0
2111,Brian Tallet,2003-08-26,2003.0
2112,C.J. Wilson,2003-08-11,2003.0
2113,Ryan Dempster,2003-08-04,2003.0
2114,Denny Neagle,2003-07-30,2003.0
2115,Rusty Greer,2003-07-23,2003.0
2116,Rick Ankiel,2003-07-16,2003.0
2117,Paul Byrd,2003-07-01,2003.0
2118,Seth McClung,2003-06-26,2003.0
2119,Scott Strickland,2003-06-17,2003.0
2120,Doug Creek,2003-06-15,2003.0
2121,Anthony Pluta,2003-06-06,2003.0
2122,Brian Moehler,2003-05-29,2003.0
2123,Jason Bulger,2003-05-28,2003.0
2124,Ricky Bones,2003-05-01,2003.0
2125,A.J. Burnett,2003-04-29,2003.0
2126,Matt Wise,2003-03-25,2002.0
2127,Marc Lamacchia,2003-03-18,2002.0
2128,Derek Thompson,2003-03-05,2002.0
2144,Ben Kozlowski,2003-01-01,2002.0
2131,Luke Hagerty,2003-01-01,2002.0
2139,Ben Diggins,2003-01-01,2002.0
2134,Mike Stodolka,2003-01-01,2002.0
2130,Anibal Sanchez,2003-01-01,2002.0
2135,Bobby Cassevah,2003-01-01,2002.0
2129,Manny Delcarmen,2003-01-01,2002.0
2136,Hung-Chih Kuo,2003-01-01,2002.0
2137,Andy Ashby,2003-01-01,2002.0
2138,Joakim Soria,2003-01-01,2002.0
2140,Jayson Durocher,2003-01-01,2002.0
2133,Tom Shearn,2003-01-01,2002.0
2141,Rusty Tucker,2003-01-01,2002.0
2142,Shawn Kelley,2003-01-01,2002.0
2143,Brian Wilson,2003-01-01,2002.0
2145,Danny Touchet,2003-01-01,2002.0
2146,Scott Feldman,2003-01-01,2002.0
2147,Francisco Rosario,2003-01-01,2002.0
2148,Armando Galarraga,2003-01-01,2002.0
2132,Scott Lewis,2003-01-01,2002.0
2149,Bob Wickman,2002-12-09,2002.0
2150,Erik Bedard,2002-09-10,2002.0
2151,Doug Brocail,2002-09-01,2002.0
2152,J.R. House,2002-09-01,2002.0
2153,Benito Baez,2002-08-23,2002.0
2154,Jon Lieber,2002-08-08,2002.0
2155,Scott Chiasson,2002-08-07,2002.0
2156,Jeff Zimmerman,2002-07-30,2002.0
2157,Ben Christensen,2002-07-01,2002.0
2158,Danny Patterson,2002-06-28,2002.0
2159,Tyler Yates,2002-06-19,2002.0
2160,Matt Thornton,2002-06-10,2002.0
2161,Brian Tollberg,2002-06-05,2002.0
2162,Jason Christiansen,2002-05-30,2002.0
2163,Chris Capuano,2002-05-17,2002.0
2164,John Franco,2002-05-15,2002.0
2165,Dave Eiland,2002-04-24,2002.0
2166,Pete Harnisch,2002-04-21,2002.0
2167,Mike Duvall,2002-04-01,2002.0
2168,Jack Taschner,2002-02-28,2001.0
2169,Will Ohman,2002-01-16,2001.0
2182,Bobby Cramer,2002-01-01,2001.0
2181,Cha Seung Baek,2002-01-01,2001.0
2180,Kevin Jarvis,2002-01-01,2001.0
2179,Steve Delabar,2002-01-01,2001.0
2178,Ryan Vogelsong,2002-01-01,2001.0
2177,Jordan Ellis,2002-01-01,2001.0
2176,Brandon Claussen,2002-01-01,2001.0
2174,Chuck Smith,2002-01-01,2001.0
2173,Mike Steele,2002-01-01,2001.0
2172,Jeff Bajenaru,2002-01-01,2001.0
2171,Phil Norton,2002-01-01,2001.0
2170,Jesus Delgado,2002-01-01,2001.0
2175,Jason Grilli,2002-01-01,2001.0
2183,Ryan Tatusko,2002-01-01,2001.0
2184,Seung-hwan Oh,2001-11-01,2001.0
2185,Chris Narveson,2001-10-05,2001.0
2186,Brian Rose,2001-10-02,2001.0
2187,Bobby Bradley,2001-10-01,2001.0
2188,Lance Painter,2001-10-01,2001.0
2189,Adam Eaton,2001-08-21,2001.0
2190,Pat Hentgen,2001-08-09,2001.0
2191,Kevin Walker,2001-08-01,2001.0
2192,Matt Holliday,2001-07-24,2001.0
2193,Darren Dreifort,2001-07-09,2001.0
2194,Matt Mantei,2001-06-19,2001.0
2195,Kris Benson,2001-05-22,2001.0
2196,Dave Eiland,2001-05-01,2001.0
2197,Doug Brocail,2001-04-27,2001.0
2198,Valerio De Los Santos,2001-04-13,2001.0
2199,Scott Williamson,2001-04-12,2001.0
2203,Luke Scott,2001-01-01,2000.0
2201,Jose Capellan,2001-01-01,2000.0
2214,Garrett Stephenson,2001-01-01,2000.0
2213,Chance Caple,2001-01-01,2000.0
2212,Xavier Nady,2001-01-01,2000.0
2211,Gerik Baxter,2001-01-01,2000.0
2210,Mike Benjamin,2001-01-01,2000.0
2209,Francisco Cordova,2001-01-01,2000.0
2208,Sean Henn,2001-01-01,2000.0
2200,Derrick Lewis,2001-01-01,2000.0
2207,Ryan Poe,2001-01-01,2000.0
2206,Nate Bland,2001-01-01,2000.0
2205,Steve Green,2001-01-01,2000.0
2204,Chin-Hui Tsao,2001-01-01,2000.0
2202,Rod Beck,2001-01-01,2000.0
2215,Jason Frasor,2001-01-01,2000.0
2216,Scott Downs,2001-01-01,2000.0
2217,Bill Simas,2000-12-22,2000.0
2218,Kyle Snyder,2000-09-07,2000.0
2219,Matt Riley,2000-09-01,2000.0
2220,Scott Erickson,2000-08-08,2000.0
2221,Tom Lampkin,2000-06-30,2000.0
2222,Danny Kolb,2000-06-13,2000.0
2223,Scott Radinsky,2000-06-10,2000.0
2224,Sterling Hitchcock,2000-06-06,2000.0
2225,J.M. Gold,2000-06-01,2000.0
2226,John Patterson,2000-05-01,2000.0
2227,Michael Tejera,2000-04-01,2000.0
2228,John Smoltz,2000-03-23,1999.0
2230,Randy Williams,2000-03-15,1999.0
2229,Andrew Good,2000-03-15,1999.0
2232,David Cortes,2000-01-01,1999.0
2239,Orber Moreno,2000-01-01,1999.0
2244,Ken Cloude,2000-01-01,1999.0
2231,Scott Sobkowiak,2000-01-01,1999.0
2233,Odalis Perez,2000-01-01,1999.0
2234,Andrew Brown,2000-01-01,1999.0
2235,Juan Pena,2000-01-01,1999.0
2236,Jason Stumm,2000-01-01,1999.0
2237,Ryan Shealy,2000-01-01,1999.0
2238,Lance Carter,2000-01-01,1999.0
2245,Joe Roa,2000-01-01,1999.0
2240,Hung-Chih Kuo,2000-01-01,1999.0
2241,Rocky Coppinger,2000-01-01,1999.0
2242,Jae Seo,2000-01-01,1999.0
2243,Brian Stitt,2000-01-01,1999.0
2246,Tom Gordon,1999-12-13,1999.0
2247,Matt Beech,1999-09-21,1999.0
2248,Joe Nelson,1999-08-21,1999.0
2249,Todd Coffey,1999-08-01,1999.0
2250,Chad Fox,1999-07-27,1999.0
2251,Mark Wohlers,1999-07-06,1999.0
2252,Geremi Gonzalez,1999-07-02,1999.0
2253,Seth Greisinger,1999-06-15,1999.0
2254,Hipolito Pichardo,1999-04-23,1999.0
2255,Matt Morris,1999-04-13,1999.0
2256,Kerry Wood,1999-04-08,1999.0
2257,Kerry Ligtenberg,1999-04-06,1999.0
2258,Rocky Biddle,1999-03-02,1998.0
2262,Paul Wilson,1999-01-01,1998.0
2264,Jimmy Journell,1999-01-01,1998.0
2263,Jeff Tabaka,1999-01-01,1998.0
2259,Brian Falkenborg,1999-01-01,1998.0
2260,Mitch Wylie,1999-01-01,1998.0
2261,Nate Bland,1999-01-01,1998.0
2265,Matt Beech,1998-09-11,1998.0
2266,Jay Buhner,1998-09-10,1998.0
2267,Lorenzo Barcelo,1998-09-01,1998.0
2268,Mike James,1998-07-09,1998.0
2269,Marc Valdes,1998-07-08,1998.0
2270,Osvaldo Fernandez,1998-05-07,1998.0
2271,Billy Brewer,1998-04-21,1998.0
2272,Jason Isringhausen,1998-01-13,1997.0
2278,David Elder,1998-01-01,1997.0
2273,Cory Lidle,1998-01-01,1997.0
2274,Damian Moss,1998-01-01,1997.0
2275,Nate Robertson,1998-01-01,1997.0
2276,Jeff Wallace,1998-01-01,1997.0
2277,Greg Wooten,1998-01-01,1997.0
2279,Jason Frasor,1998-01-01,1997.0
2280,Ken Ryan,1997-10-17,1997.0
2281,Todd Hundley,1997-09-26,1997.0
2282,Steve Sparks,1997-06-12,1997.0
2283,Rheal Cormier,1997-05-21,1997.0
2284,Randy Velarde,1997-04-08,1997.0
2285,Jay Payton,1997-03-01,1996.0
2287,Eric Gagne,1997-01-01,1996.0
2290,Billy Koch,1997-01-01,1996.0
2289,Matt Quatraro,1997-01-01,1996.0
2288,Britt Reames,1997-01-01,1996.0
2286,Winston Abreu,1997-01-01,1996.0
2291,Colby Lewis,1996-09-27,1996.0
2292,Jason Bere,1996-09-13,1996.0
2293,Pedro Borbon,1996-08-30,1996.0
2294,Paul Wagner,1996-08-07,1996.0
2295,John Snyder,1996-07-24,1996.0
2296,Chad Fox,1996-07-01,1996.0
2297,Steve Ontiveros,1996-06-13,1996.0
2298,Bill Pulsipher,1996-04-18,1996.0
2299,Lance Carter,1996-01-01,1995.0
2300,Dewon Brazelton,1996-01-01,1995.0
2301,Victor Zambrano,1996-01-01,1995.0
2302,Rene Arocha,1995-10-08,1995.0
2303,Jay Payton,1995-09-01,1995.0
2306,Butch Henry,1995-08-22,1995.0
2305,Bobby Munoz,1995-08-22,1995.0
2304,Jose Rijo,1995-08-22,1995.0
2307,Al Reyes,1995-08-01,1995.0
2308,Cal Eldred,1995-06-23,1995.0
2309,Steve Karsay,1995-06-16,1995.0
2310,Bryan Harvey,1995-05-03,1995.0
2311,Darren Dreifort,1995-03-14,1994.0
2313,Luis Lopez,1995-01-01,1994.0
2312,Masumi Kuwata,1995-01-01,1994.0
2314,Anthony Young,1994-08-15,1994.0
2315,Darryl Hamilton,1994-06-01,1994.0
2316,Frank Viola,1994-05-17,1994.0
2317,Tim Worrell,1994-05-12,1994.0
2318,Ken Patterson,1994-05-03,1994.0
2319,Scott Eyre,1994-01-01,1993.0
2320,Armando Reynoso,1994-01-01,1993.0
2321,Scott Schoeneweis,1994-01-01,1993.0
2322,Huck Flener,1994-01-01,1993.0
2323,Paul Menhart,1993-12-01,1993.0
2324,Greg Colbrunn,1993-08-10,1993.0
2325,Norm Charlton,1993-07-12,1993.0
2326,Jose Canseco,1993-07-09,1993.0
2327,Julio Valera,1993-07-08,1993.0
2328,Kevin Ritz,1993-04-01,1993.0
2329,Scott Aldred,1993-01-01,1992.0
2330,Bob Wells,1992-11-01,1992.0
2331,Mike Bielecki,1992-08-02,1992.0
2332,Mike Greenwell,1992-07-02,1992.0
2333,Clay Parker,1992-06-26,1992.0
2334,Jeff Knox,1992-02-24,1991.0
2335,Pat Treend,1992-01-07,1991.0
2336,Matt Murray,1992-01-01,1991.0
2337,Dave Leiper,1992-01-01,1991.0
2338,John Farrell,1991-09-09,1991.0
2339,Stan Spencer,1991-09-01,1991.0
2340,Mike Witt,1991-07-25,1991.0
2341,Scott Garrelts,1991-07-18,1991.0
2342,Scott Chiamparino,1991-07-13,1991.0
2343,Darren Oliver,1991-06-12,1991.0
2344,Joe Magrane,1991-04-01,1991.0
2345,Dion James,1991-03-01,1990.0
2347,Greg Colbrunn,1991-01-01,1990.0
2346,Glenn Carter,1991-01-01,1990.0
2348,John Farrell,1990-10-05,1990.0
2349,Brian Dubois,1990-09-14,1990.0
2350,John Dopson,1990-08-27,1990.0
2351,Jose Alvarez,1990-08-23,1990.0
2352,Brett Gideon,1990-05-18,1990.0
2355,Rey Sanchez,1990-01-01,1989.0
2354,J.J. Picollo,1990-01-01,1989.0
2353,Mike Fyhrie,1990-01-01,1989.0
2356,Todd Worrell,1989-12-01,1989.0
2357,Steve Ontiveros,1989-07-20,1989.0
2358,Jose Mesa,1989-06-01,1989.0
2359,Greg Mathews,1989-05-12,1989.0
2360,Jose Cecena,1989-04-21,1989.0
2361,Danny Cox,1989-03-31,1988.0
2362,Jim Winn,1989-01-01,1988.0
2363,John Tudor,1988-10-27,1988.0
2364,Matt Young,1988-09-14,1988.0
2365,Eric Bell,1988-08-01,1988.0
2366,Brad Arnsberg,1988-04-01,1988.0
2367,Steve Bast,1988-01-01,1987.0
2368,Bryan Hickerson,1988-01-01,1987.0
2369,Dan Opperman,1987-07-17,1987.0
2370,Mike Warren,1987-01-08,1986.0
2371,Ken Dayley,1986-10-10,1986.0
2372,Gary Lavelle,1986-04-22,1986.0
2373,Tom Filer,1986-04-15,1986.0
2374,Steve Christmas,1986-01-01,1985.0
2375,Jim Morris,1986-01-01,1985.0
2376,David Wells,1985-04-10,1985.0
2377,Jamie Nelson,1985-01-01,1984.0
2378,Kevin Towers,1985-01-01,1984.0
2379,Chuck Porter,1984-08-03,1984.0
2380,Paul Molitor,1984-05-21,1984.0
2381,Larry Christenson,1983-06-15,1983.0
2383,Gil Patterson,1983-01-01,1982.0
2382,Brian Holton,1983-01-01,1982.0
2384,Don Aase,1982-10-18,1982.0
2385,David Palmer,1982-09-01,1982.0
2386,Joe Sambito,1982-07-07,1982.0
2387,Dwayne Henry,1982-01-01,1981.0
2388,Tom Candiotti,1981-10-13,1981.0
2389,Bill Bordley,1981-04-13,1981.0
2390,Joe Hesketh,1981-01-01,1980.0
2391,Brent Strom,1978-01-01,1977.0
2392,Tommy John,1974-09-25,1974.0
